title,source,date,detail,time
Buy HDFC Bank; target of Rs 2070: Motilal Oswal,Moneycontrol.com,2023-07-18,"Motilal Oswal is bullish on HDFC Bank recommended buy rating on the stock with a target price of Rs 2070 in its research report dated July 17, 2023....",6.44 pm
Buy HDFC Bank; target of Rs 2025: Prabhudas Lilladher,Moneycontrol.com,2023-07-18,Prabhudas Lilladher is bullish on HDFC Bank has recommended buy rating on the stock with a target price of Rs 2025 in its research report dated July 1...,2.30 pm
Buy HDFC Bank; target of Rs 2074: LKP Research,Moneycontrol.com,2023-07-18,"LKP Research is bullish on HDFC Bank has recommended buy rating on the stock with a target price of Rs 2074 in its research report dated July 18, 2023...",2.21 pm
Buy HDFC Bank; target of Rs 2050: Axis Securities,Moneycontrol.com,2023-07-18,"Axis Securities is bullish on HDFC Bank has recommended buy rating on the stock with a target price of Rs 2050 in its research report dated July 18, 2...",1.55 pm
Brokerages bullish on HDFC Bank post steady Q1 earnings,Moneycontrol.com,2023-07-18,"At least five foreign brokerages, Citi, JPMorgan, HSBC, Jefferies and Morgan Stanley have either a 'buy' or 'overweight' call on HDFC ...",9.29 am
"HDFC Bank Q1 Net Profit may dip 4.2% YoY to Rs. 11,541.3 cr: KRChoksey",Moneycontrol.com,2023-07-17,"Net Interest Income (NII) is expected to increase by 1.1 percent Y-o-Y (up 21.1 percent Q-o-Q) to Rs. 23,601 crore, according to KRChoksey....",4.27 pm
"HDFC Bank Q1 Net Profit seen up 31% YoY to Rs. 12,051.3 cr: Prabhudas Lilladher",Moneycontrol.com,2023-07-17,"Net Interest Income (NII) is expected to increase by 20.6 percent Y-o-Y (up 0.6 percent Q-o-Q) to Rs. 23,491.5 crore, according to Prabhudas Lilladher...",4.15 pm
HDFC Bank Q1 results highlights: Four major takeaways from the earnings,Moneycontrol.com,2023-07-17,"Alongside a healthy net profit, HDFC Bank's total deposits stood at Rs 19.13 lakh crores, jumping by 19.2 percent on a year-on-year basis....",1.54 pm
HDFC Bank Q1 results highlights: Four major takeaways from the earnings,Moneycontrol.com,2023-07-17,"Alongside a healthy net profit, HDFC Bank's total deposits stood at Rs 19.13 lakh crores, jumping by 19.2 percent on a year-on-year basis....",1.54 pm
HDFC Bank dips marginally ahead of Q1 results,Moneycontrol.com,2023-07-17,India’s biggest private sector lender is expected to report a robust 26-percent growth in net profit for the first quarter of this fiscal amid stabl...,11.00 am
"HDFC Bank Q1 Net Profit seen up 24.3% YoY to Rs. 11,427.2 cr: Nirmal Bang",Moneycontrol.com,2023-07-14,"Net Interest Income (NII) is expected to increase by 21.6 percent Y-o-Y (up 1.4 percent Q-o-Q) to Rs. 23,689.8 crore, according to Nirmal Bang...",2.05 pm
"Citi resumes rating on HDFC Bank, keeps target price at Rs 2,200 a share",Moneycontrol.com,2023-07-10,MSCI announced that HDFC Bank will replace Housing Development Finance Corp (HDFC) Ltd on MSCI Global Standard indexes starting from July 13...,8.19 am
HDFC Bank to sell 2% stake in NSDL IPO,Reuters,2023-07-10,"The lender holds a 8.95% stake in NSDL, which handles most of the securities held and settled in dematerialised form in the Indian capital market....",6.53 am
Buy HDFC Bank; target of Rs 2100: Sharekhan,Moneycontrol.com,2023-07-04,"Sharekhan is bullish on HDFC Bank has recommended buy rating on the stock with a target price of Rs 2100 in its research report dated July 03, 2023....",6.24 pm
"FTSE to decide on HDFC Bank inclusion in September, may lead to $1.3 billion inflows",Moneycontrol.com,2023-06-30,"Once the merger, which is expected to be done by July 1, is completed, HDFC Ltd shareholders will hold 41 percent in HDFC Bank...",9.36 am
HDFC Life gains after HDFC's additional stake buy gets CCI's green signal,Moneycontrol.com,2023-06-21,"More than 50 percent stake by HDFC twins in insurance entities is a significant boost for HDFC Life, according to experts...",9.49 am
Mutual funds may not get holdings waiver post HDFC Bank - HDFC merger: Report,Reuters,2023-06-14,HDFC Bank and HDFC - both heavily owned by mutual funds - are set to conclude a merger in the next few weeks to create India's second-largest fina...,2.32 pm
"HDFC merger nears record date, creating world’s 5th most valuable bank",Bloomberg,2023-06-13,Announcement of the so called ‘record date’ — or the cut-off day set for investors — for the swapping of shares of Housing Development Finance...,2.36 pm
Buy HDFC Bank; target of Rs 1950: Motilal Oswal,Moneycontrol.com,2023-05-28,"Motilal Oswal is bullish on HDFC Bank recommended buy rating on the stock with a target price of Rs 1950 in its research report dated May 25, 2023....",2.49 pm
Buy HDFC Bank; target of Rs 1925: Prabhudas Lilladher,Moneycontrol.com,2023-05-26,Prabhudas Lilladher is bullish on HDFC Bank has recommended buy rating on the stock with a target price of Rs 1925 in its research report dated May 25...,4.37 pm
Buy HDFC Bank; target of Rs 2050: ICICI Direct,Moneycontrol.com,2023-04-24,"ICICI Direct is bullish on HDFC Bank recommended buy rating on the stock with a target price of Rs 2050 in its research report dated April 22, 2023....",5.54 pm
Buy HDFC Bank; target of Rs 1925: Prabhudas Lilladher,Moneycontrol.com,2023-04-24,Prabhudas Lilladher is bullish on HDFC Bank has recommended buy rating on the stock with a target price of Rs 1925 in its research report dated April ...,11.36 am
Buy HDFC Bank; target of Rs 1960: KR Choksey,Moneycontrol.com,2023-04-18,"KR Choksey is bullish on HDFC Bank has recommended buy rating on the stock with a target price of Rs 1960 in its research report dated April 18, 2023....",1.25 pm
Buy HDFC Bank; target of Rs 1960: KR Choksey,Moneycontrol.com,2023-04-18,"KR Choksey is bullish on HDFC Bank has recommended buy rating on the stock with a target price of Rs 1960 in its research report dated April 18, 2023....",1.25 pm
Buy HDFC Bank; target of Rs 1950: Motilal Oswal,Moneycontrol.com,2023-04-17,"Motilal Oswal is bullish on HDFC Bank recommended buy rating on the stock with a target price of Rs 1950 in its research report dated April 15, 2023....",5.20 pm
Buy HDFC Bank; target of Rs 1950: Motilal Oswal,Moneycontrol.com,2023-04-17,"Motilal Oswal is bullish on HDFC Bank recommended buy rating on the stock with a target price of Rs 1950 in its research report dated April 15, 2023....",5.20 pm
Buy HDFC Bank; target of Rs 1925: Prabhudas Lilladher,Moneycontrol.com,2023-04-17,Prabhudas Lilladher is bullish on HDFC Bank has recommended buy rating on the stock with a target price of Rs 1925 in its research report dated April ...,5.15 pm
Buy HDFC Bank; target of Rs 1920: Sharekhan,Moneycontrol.com,2023-04-17,"Sharekhan is bullish on HDFC Bank has recommended buy rating on the stock with a target price of Rs 1920 in its research report dated April 15, 2023....",5.05 pm
Buy HDFC Bank; target of Rs 1970: ICICI Direct,Moneycontrol.com,2023-04-17,"ICICI Direct is bullish on HDFC Bank recommended buy rating on the stock with a target price of Rs 1970 in its research report dated April 16, 2023....",4.47 pm
Buy HDFC Bank; target of Rs 2050: Emkay Global Financial,Moneycontrol.com,2023-04-17,Emkay Global Financial is bullish on HDFC Bank has recommended buy rating on the stock with a target price of Rs 2050 in its research report dated Apr...,2.35 pm
"HDFC Bank Q4 Results: Net profit rises 21% YoY to Rs 12,594 crore, asset quality stable",Moneycontrol.com,2023-04-15,"Net interest income (NII), or the difference between interest earned and interest expended, grew by 23.7 percent to Rs 23,351 crore from Rs 18,872 cro...",2.28 pm
"HDFC Bank Q4 Net Profit seen up 20.3% YoY to Rs. 12,097.4 cr: Motilal Oswal",Moneycontrol.com,2023-04-13,"mNet Interest Income (NII) is expected to increase by 26.6 percent Y-o-Y (up 4 percent Q-o-Q) to Rs. 23,898.5 crore, according to Motilal Oswal....",3.50 pm
"HDFC Bank Q4 Net Profit seen up 21.8% YoY to Rs. 12,245.4 cr: Prabhudas Lilladher",Moneycontrol.com,2023-04-12,"Net Interest Income (NII) is expected to increase by 32.5 percent Y-o-Y (up 8.8 percent Q-o-Q) to Rs. 24,999.9 crore, according to Prabhudas Lilladher...",9.41 am
Buy HDFC Bank; target of Rs 1920: Sharekhan,Moneycontrol.com,2023-04-06,"Sharekhan is bullish on HDFC Bank has recommended buy rating on the stock with a target price of Rs 1920 in its research report dated April 05, 2023....",4.36 pm
HDFC Bank to keep home loans as focus of growth strategy post merger: Report,Reuters,2023-06-09,"The pace of growth in home loans will broadly mirror growth seen in HDFC's home loan portfolio, the first official said, declining to be identifie...",11.13 am
HDFC Bank to keep home loans as focus of growth strategy post merger: Report,Reuters,2023-06-09,"The pace of growth in home loans will broadly mirror growth seen in HDFC's home loan portfolio, the first official said, declining to be identifie...",11.13 am
"Mirror, mirror on the wall, does the Nifty @ 18,300 have it all?",Moneycontrol.com,2023-05-15,"With Fed rates perceived to be peaking, risk-on trade is back. India is looking well poised to take a fair share of the foreign money that is flowing ...",2.24 pm
"HDFC Bank Q4 profit rises 21%, here's what brokerages have to say about the stock",Moneycontrol.com,2023-04-17,"HDFC Q4 Result: While most broking houses have reiterated their ""buy"" rating on the stock, there are some concerns about limited EPS growth, flat NIM ...",8.43 am
"HDFC Bank proposes to raise Rs 50,000 crore funds via bonds over 12 months",Moneycontrol.com,2023-04-11,The board of directors would consider the proposal at a meeting to be held on April 15....,5.19 pm
Is the fight for deposits yielding results for banks?,Moneycontrol.com,2023-04-06,"In this market, raising resources at competitive rates and managing interest margin will be a key differentiator...",9.26 am
"HDFC Bank shares gain 2% as advances, deposits surge",Moneycontrol.com,2023-04-05,HDFC Bank's advances rose 17 percent YoY in the March quarter while deposits gained 21 percent....,9.52 am
Can bank stocks repeat the massive outperformance of last year?,Moneycontrol.com,2023-03-10,Fund managers believe that investors should not ignore the obvious risks before rushing for financial stocks...,12.47 pm
"Data of 6 lakh customers of HDFC's NBFC arm compromised in hack, HDFC denies claims",Moneycontrol.com,2023-03-08,The NBFC arm of HDFC Bank in a statement said the leak happened at one service provider and it has taken steps to prevent further unauthorised access....,9.49 am
HDFC Bank raises $750 million in dollar bond sale,PTI,2023-02-24,"The bank said it will be paying a coupon of 5.686 per cent for the three year bonds, according to an exchange filing....",7.41 am
Investors’ love affair with bank stocks cools as earnings are set to moderate,Moneycontrol.com,2023-02-21,"One trigger that unnerved investors was the Hindenburg Research report, flagging the exposure of Indian banks, especially public sector banks, to the ...",12.14 pm
RBI raises repo by 25 bps: Check buy & sell ideas for 10 rate-sensitive stocks,Moneycontrol.com,2023-02-08,"The monetary policy acts with lags, it may take 3-4 quarters for the policy rate to be transmitted to the real economy, and the peak effect may take a...",1.33 pm
Buy HDFC Bank; target of Rs 1890: Geojit,Moneycontrol.com,2023-01-19,"Geojit is bullish on HDFC Bank has recommended buy rating on the stock with a target price of Rs 1890 in its research report dated January 19, 2023....",4.14 pm
Buy HDFC Bank; target of Rs 1960: KR Choksey,Moneycontrol.com,2023-01-17,"KR Choksey is bullish on HDFC Bank has recommended buy rating on the stock with a target price of Rs 1960 in its research report dated January 17, 202...",11.16 am
Buy HDFC Bank; target of Rs 1920: ICICI Direct,Moneycontrol.com,2023-01-16,"ICICI Direct is bullish on HDFC Bank recommended buy rating on the stock with a target price of Rs 1920 in its research report dated January 15, 2023....",6.32 pm
Buy HDFC Bank; target of Rs 1930: Motilal Oswal,Moneycontrol.com,2023-01-16,"Motilal Oswal is bullish on HDFC Bank recommended buy rating on the stock with a target price of Rs 1930 in its research report dated January 15, 2023...",4.14 pm
Buy HDFC Bank; target of Rs 1920: Sharekhan,Moneycontrol.com,2023-01-16,"Sharekhan is bullish on HDFC Bank has recommended buy rating on the stock with a target price of Rs 1920 in its research report dated January 14, 2023...",3.45 pm
Buy HDFC Bank; target of Rs 1920: Sharekhan,Moneycontrol.com,2023-01-16,"Sharekhan is bullish on HDFC Bank has recommended buy rating on the stock with a target price of Rs 1920 in its research report dated January 14, 2023...",3.45 pm
Buy HDFC Bank; target of Rs 1850: Prabhudas Lilladher,Moneycontrol.com,2023-01-16,Prabhudas Lilladher is bullish on HDFC Bank has recommended buy rating on the stock with a target price of Rs 1850 in its research report dated Januar...,3.29 pm
Buy HDFC Bank; target of Rs 1925: Emkay Global Financial,Moneycontrol.com,2023-01-16,Emkay Global Financial is bullish on HDFC Bank has recommended buy rating on the stock with a target price of Rs 1925 in its research report dated Jan...,2.42 pm
Buy HDFC Bank; target of Rs 2020: YES Securities,Moneycontrol.com,2023-01-16,"YES Securities is bullish on HDFC Bank has recommended buy rating on the stock with a target price of Rs 2020 in its research report dated January 14,...",1.14 pm
Buy HDFC Bank; target of Rs 1869: LKP Research,Moneycontrol.com,2023-01-16,"LKP Research is bullish on HDFC Bank has recommended buy rating on the stock with a target price of Rs 1869 in its research report dated January 16, 2...",11.55 am
Buy HDFC Bank; target of Rs 1869: LKP Research,Moneycontrol.com,2023-01-16,"LKP Research is bullish on HDFC Bank has recommended buy rating on the stock with a target price of Rs 1869 in its research report dated January 16, 2...",11.55 am
HDFC Bank reports 20% surge in Q3 bottomline: What should you do now?,Moneycontrol.com,2023-01-16,"HDFC Bank's standalone net profit was at Rs 12,259.5 crore, an increase of 18.5 percent from the same quarter of the corresponding year....",8.30 am
"HDFC Bank Q3 net profit rises 19.9% to Rs 12,698 crore, asset quality stable",Moneycontrol.com,2023-01-14,HDFC Bank Q3 result: Consolidated advances grew 19.2 percent YoY to Rs 15.63 lakh crore in Q3Fy23 from Rs 13.12 lakh crore in Q3FY22....,1.24 pm
"HDFC Q3 Net Profit seen up 12.2% YoY to Rs. 11,605.6 cr: Emkay",Moneycontrol.com,2023-01-11,"Net Interest Income (NII) is expected to increase by 15.9 percent Y-o-Y (up 1.7 percent Q-o-Q) to Rs. 21,373.9 crore, according to Emkay....",6.15 pm
Buy HDFC Bank; target of Rs 1800: Emkay Global Financial,Moneycontrol.com,2023-01-05,Emkay Global Financial is bullish on HDFC Bank has recommended buy rating on the stock with a target price of Rs 1800 in its research report dated Jan...,2.03 pm
Buy HDFC AMC; target of Rs 2600: ICICI Direct,Moneycontrol.com,2022-12-24,"ICICI Direct is bullish on HDFC AMC recommended buy rating on the stock with a target price of Rs 2600 in its research report dated December 23, 2022....",1.14 pm
Buy HDFC Bank; target of Rs 1908: Anand Rathi,Moneycontrol.com,2022-12-14,"Anand Rathi is bullish on HDFC Bank has recommended buy rating on the stock with a target price of Rs 1908 in its research report dated December 13, 2...",4.16 pm
HDFC-HDFC Bank merger to shake up India’s debt market,Bloomberg,2022-12-13,"The consolidation of Housing Development Finance Corp. and unit HDFC Bank Ltd. will create a more than $200 billion financial services behemoth, a...",11.45 am
Buy HDFC Bank; target of Rs 1836: KR Choksey,Moneycontrol.com,2022-10-18,"KR Choksey is bullish on HDFC Bank has recommended buy rating on the stock with a target price of Rs 1836 in its research report dated October 18, 202...",7.15 pm
Buy HDFC Bank; target of Rs 1750: ICICI Direct,Moneycontrol.com,2022-10-18,"ICICI Direct is bullish on HDFC Bank recommended buy rating on the stock with a target price of Rs 1750 in its research report dated October 16, 2022....",10.48 am
Buy HDFC Bank; target of Rs 1800: Motilal Oswal,Moneycontrol.com,2022-10-17,"Motilal Oswal is bullish on HDFC Bank recommended buy rating on the stock with a target price of Rs 1800 in its research report dated October 16, 2022...",10.32 pm
Buy HDFC Bank; target of Rs 1800: Sharekhan,Moneycontrol.com,2022-10-17,"Sharekhan is bullish on HDFC Bank has recommended buy rating on the stock with a target price of Rs 1800 in its research report dated October 15, 2022...",7.34 pm
Buy HDFC Bank; target of Rs 1830: YES Securities,Moneycontrol.com,2022-10-17,"YES Securities is bullish on HDFC Bank has recommended buy rating on the stock with a target price of Rs 1830 in its research report dated October 15,...",6.36 pm
Buy HDFC Bank; target of Rs 1800: Prabhudas Lilladher,Moneycontrol.com,2022-10-17,Prabhudas Lilladher is bullish on HDFC Bank has recommended buy rating on the stock with a target price of Rs 1800 in its research report dated Octobe...,4.46 pm
"HDFC Bank Q2 net profit rises 22.3% to Rs 11,125 crore powered by loan growth",Moneycontrol.com,2022-10-15,"The private sector lender's net interest income grew 18.9 percent to Rs 21,021.2 crore from Rs 17,684.4 crore reported in the year-ago period....",2.06 pm
"HDFC Bank Q2 Net Profit seen up 16.9% YoY to Rs. 10,328.9 cr: Prabhudas Lilladher",Moneycontrol.com,2022-10-12,"Net Interest Income (NII) is expected to increase by 16 percent Y-o-Y (up 5.3 percent Q-o-Q) to Rs. 20,517.5 crore, according to Prabhudas Lilladher....",5.08 pm
Buy HDFC Bank; target of Rs 1800: Emkay Global Financial,Moneycontrol.com,2022-10-06,Emkay Global Financial is bullish on HDFC Bank has recommended buy rating on the stock with a target price of Rs 1800 in its research report dated Oct...,2.57 pm
Buy HDFC Bank; target of Rs 1800: Sharekhan,Moneycontrol.com,2022-10-06,"Sharekhan is bullish on HDFC Bank has recommended buy rating on the stock with a target price of Rs 1800 in its research report dated October 04, 2022...",10.29 am
Buy HDFC Bank; target of Rs 1800: Prabhudas Lilladher,Moneycontrol.com,2022-09-16,Prabhudas Lilladher is bullish on HDFC Bank has recommended buy rating on the stock with a target price of Rs 1800 in its research report dated Septem...,5.39 pm
Buy HDFC Bank; target of Rs 1800: Prabhudas Lilladher,Moneycontrol.com,2022-09-16,Prabhudas Lilladher is bullish on HDFC Bank has recommended buy rating on the stock with a target price of Rs 1800 in its research report dated Septem...,5.39 pm
HDFC Bank opens first all-women branch in north Kerala,PTI,2022-08-18,"The branch, located in Cherootty Road, the hub of traders in the district, will have 4 women bankers....",9.57 am
HDFC Bank Parivartan signs Rs 107 crore MoU with IISc Bengaluru,PTI,2022-08-02,"The three wings of the hospital to be supported by the bank are cardiology, radiology and emergency medicine, it said in a statement....",2.22 pm
"HDFC Bank to add 1,500-2,000 branches every year for 5 years",PTI,2022-06-22,"Outlining justification for merger of HDFC with the HDFC Bank in his letter to shareholders in the annual report 2021-22, Jagdishan said: ""The propose...",7.39 am
HDFC Bank hikes lending rates by 0.35%; 2nd hike in two months,Moneycontrol.com,2022-06-07,"The hike, which comes a day ahead of the RBI's scheduled policy review, is the second such move from the lender in as many months, taking the cumu...",2.13 pm
Buy HDFC Bank; target of Rs 1650: ICICI Direct,Moneycontrol.com,2022-05-12,"ICICI Direct is bullish on HDFC Bank has recommended buy rating on the stock with a target price of Rs 1650 in its research report dated May 11, 2022....",4.06 pm
Buy HDFC Bank; target of Rs 1997: KR Choksey,Moneycontrol.com,2022-04-19,"KR Choksey is bullish on HDFC Bank has recommended buy rating on the stock with a target price of Rs 1997 in its research report dated April 19, 2022....",5.23 pm
Buy HDFC Bank; target of Rs 1950: Emkay Global Financial,Moneycontrol.com,2022-04-18,Emkay Global Financial is bullish on HDFC Bank has recommended buy rating on the stock with a target price of Rs 1950 in its research report dated Apr...,8.47 pm
Buy HDFC Bank; target of Rs 1950: Emkay Global Financial,Moneycontrol.com,2022-04-18,Emkay Global Financial is bullish on HDFC Bank has recommended buy rating on the stock with a target price of Rs 1950 in its research report dated Apr...,8.47 pm
Buy HDFC Bank; target of Rs 1960: Choice Equity Broking,Moneycontrol.com,2022-04-18,Choice Equity Broking is bullish on HDFC Bank has recommended buy rating on the stock with a target price of Rs 1960 in its research report dated Apri...,8.39 pm
Buy HDFC Bank; target of Rs 1864: Arihant Capital,Moneycontrol.com,2022-04-18,"Arihant Capital is bullish on HDFC Bank has recommended buy rating on the stock with a target price of Rs 1864 in its research report dated April 18, ...",8.33 pm
Buy HDFC Bank; target of Rs 1831 LKP Research,Moneycontrol.com,2022-04-18,"LKP Research is bullish on HDFC Bank has recommended buy rating on the stock with a target price of Rs 1831 in its research report dated April 18, 202...",8.19 pm
Buy HDFC Bank; target of Rs 2000: Prabhudas Lilladher,Moneycontrol.com,2022-04-18,Prabhudas Lilladher is bullish on HDFC Bank has recommended buy rating on the stock with a target price of Rs 2000 in its research report dated April ...,3.16 pm
"HDFC Bank Q4 result | Net profit jumps 23% YoY to Rs 10,055 crore as provisions dip, NII up 10.2%",Moneycontrol.com,2022-04-16,"HDFC Bank recorded a 16.8 percent on-year growth in deposits at 15.59 lakh crore as of March 2022, with retail deposits rising 18.5 percent, and whole...",2.35 pm
"HDFC Bank Q4 profit jumps 23% to Rs 10,055 crore, net interest income reaches Rs 18,873 crore",Moneycontrol.com,2022-04-16,"HDFC Bank recorded a 16.8 percent on-year growth in deposits at 15.59 lakh crore as of March 2022, with retail deposits rising 18.5 percent, and whole...",2.35 pm
"HDFC Bank Q4 profit jumps 23% to Rs 10,055 crore, net interest income reaches Rs 18,873 crore",Moneycontrol.com,2022-04-16,"HDFC Bank recorded a 16.8 percent on-year growth in deposits at 15.59 lakh crore as of March 2022, with retail deposits rising 18.5 percent, and whole...",2.35 pm
"HDFC Bank Q4 Net Profit seen up 18.4% YoY to Rs. 9,692.8 cr: Motilal Oswal",Moneycontrol.com,2022-04-11,"Net Interest Income (NII) is expected to increase by 13.2 percent Y-o-Y (up 5.1 percent Q-o-Q) to Rs. 19,377.2 crore, according to Motilal Oswal....",2.17 pm
"HDFC Bank plans to raise up to Rs 50,000 crore by issuing bonds",PTI,2022-04-06,"Earlier this week, HDFC Bank agreed to take over its parent and the country’s largest mortgage lender HDFC Ltd, as part of its strategy to fuel grow...",6.32 pm
Buy HDFC Bank; target of Rs 1960: Choice Equity Broking,Moneycontrol.com,2022-04-05,Choice Equity Broking is bullish on HDFC Bank has recommended buy rating on the stock with a target price of Rs 1960 in its research report dated Apri...,5.39 pm
Buy HDFC Bank; target of Rs 2050: Emkay Global Financial,Moneycontrol.com,2022-04-05,Emkay Global Financial is bullish on HDFC Bank has recommended buy rating on the stock with a target price of Rs 2050 in its research report dated Apr...,3.38 pm
Buy HDFC Bank; target of Rs 2000: Prabhudas Lilladher,Moneycontrol.com,2022-04-05,Prabhudas Lilladher is bullish on HDFC Bank has recommended buy rating on the stock with a target price of Rs 2000 in its research report dated April ...,12.13 pm
Accumulate HDFC Bank; target of Rs 1910: Arihant Capital,Moneycontrol.com,2022-04-04,"Arihant Capital recommended accumulate rating on HDFC Bank with a target price of Rs 1910 in its research report dated April 04, 2022....",5.25 pm
Accumulate HDFC Bank; target of Rs 1910: Arihant Capital,Moneycontrol.com,2022-04-04,"Arihant Capital recommended accumulate rating on HDFC Bank with a target price of Rs 1910 in its research report dated April 04, 2022....",5.25 pm
HDFC-HDFC Bank merger: The big gets bigger and better,Moneycontrol.com,2022-04-04,"The promoters of HDFC group have done the maths, and it is music to shareholders' ears that despite the regulatory costs, the merger would be earn...",2.56 pm
HDFC Bank to infuse Rs 3 crore to acquire stake in debt resolution firm IDRCL,PTI,2022-03-29,"HDFC Bank has signed a pact on March 28, 2022, for investment in India Debt Resolution Company Ltd (IDRCL) by way of subscription to equity securities...",1.08 pm
Buy HDFC Bank: target of Rs 1973: Sharekhan,Moneycontrol.com,2022-03-15,"Sharekhan is bullish on HDFC Bank has recommended buy rating on the stock with a target price of Rs 1973 in its research report dated March 14, 2022....",3.19 pm
Buy HDFC Bank : target of Rs 1955: ICICI Securities,Moneycontrol.com,2022-03-11,"ICICI Securities is bullish on HDFC Bank recommended buy rating on the stock with a target price of Rs 1955 in its research report dated March 11, 202...",3.47 pm
Buy HDFC Bank; target of Rs 2000 : Motilal Oswal,Moneycontrol.com,2022-03-10,"Motilal Oswal is bullish on HDFC Bank recommended buy rating on the stock with a target price of Rs 2000 in its research report dated March 08, 2022....",8.57 pm
Buy HDFC Bank; target of Rs 2000 : Motilal Oswal,Moneycontrol.com,2022-03-10,"Motilal Oswal is bullish on HDFC Bank recommended buy rating on the stock with a target price of Rs 2000 in its research report dated March 08, 2022....",8.57 pm
Buy HDFC; target of Rs 3350: ICICI Direct,Moneycontrol.com,2022-02-03,"ICICI Direct is bullish on HDFC has recommended buy rating on the stock with a target price of Rs 3350 in its research report dated February 03, 2021....",5.35 pm
Buy HDFC Bank; target of Rs 2000: ICICI Direct,Moneycontrol.com,2022-01-18,"ICICI Direct is bullish on HDFC Bank recommended buy rating on the stock with a target price of Rs 2000 in its research report dated January 16, 2022....",4.23 pm
Buy HDFC Bank: target of Rs 1973: Sharekhan,Moneycontrol.com,2022-01-17,"Sharekhan is bullish on HDFC Bank has recommended buy rating on the stock with a target price of Rs 1973 in its research report dated January 14, 2022...",4.57 pm
Buy HDFC Bank; target of Rs 2050: Emkay Global Financial,Moneycontrol.com,2022-01-17,Emkay Global Financial is bullish on HDFC Bank has recommended buy rating on the stock with a target price of Rs 2050 in its research report dated Jan...,3.38 pm
Buy HDFC Bank; target of Rs 1910: Arihant Capital,Moneycontrol.com,2022-01-17,Arihant Capital is bullish on HDFC Bank has recommended buy rating on the stock with a target price of Rs 1910 in its research report dated January 17...,3.12 pm
Buy HDFC Bank; target of Rs 1870: Prabhudas Lilladher,Moneycontrol.com,2022-01-17,Prabhudas Lilladher is bullish on HDFC Bank has recommended buy rating on the stock with a target price of Rs 1870 in its research report dated Januar...,3.05 pm
Buy HDFC Bank; target of Rs 2000: Motilal Oswal,Moneycontrol.com,2022-01-17,"Motilal Oswal is bullish on HDFC Bank recommended buy rating on the stock with a target price of Rs 2000 in its research report dated January 15, 2022...",2.50 pm
Buy HDFC Bank; target of Rs 2000: Motilal Oswal,Moneycontrol.com,2022-01-17,"Motilal Oswal is bullish on HDFC Bank recommended buy rating on the stock with a target price of Rs 2000 in its research report dated January 15, 2022...",2.50 pm
"HDFC Bank Standalone December 2021 Net Interest Income (NII) at Rs 18,443.48 crore, up  13.03% Y-o-Y",Moneycontrol.com,2022-01-17,NULL...,10.00 am
"HDFC Bank Consolidated December 2021 Net Interest Income (NII) at Rs 19,864.00 crore, up  14.63% Y-o-Y",Moneycontrol.com,2022-01-17,NULL...,10.00 am
"HDFC Bank Q3 profit rises 18% to Rs 10,342 crore, net interest income grows to Rs 18,444 crore",Moneycontrol.com,2022-01-15,HDFC Bank Q3 | Advances for the quarter at Rs 12.6 lakh crore grew by 16.4 percent compared to year-ago period and the sequential growth was 5.1 perce...,2.10 pm
"HDFC Bank Q3 profit rises 18% to Rs 10,342 crore, net interest income grows to Rs 18,444 crore",Moneycontrol.com,2022-01-15,HDFC Bank Q3 | Advances for the quarter at Rs 12.6 lakh crore grew by 16.4 percent compared to year-ago period and the sequential growth was 5.1 perce...,2.10 pm
HDFC Bank to announce Q3 earnings today. Here's what analysts expect,Moneycontrol.com,2022-01-15,"HDFC Bank Q3 result preview | Asset quality, slippages, commentary around credit cards and fee income traction are key things to watch out for....",7.36 am
Grover v/s Kotak impact: HDFC Bank notifies customers on ‘use of unparliamentary language’,Moneycontrol.com,2022-01-10,"HDFC Bank, in a web page titled ‘use of unparliamentary language by customers’ addressed customers’ rude behaviour towards staff, and gained kud...",2.26 pm
"HDFC Bank Q3 Net Profit seen up 17% YoY to Rs. 10,246.2 cr: Motilal Oswal",Moneycontrol.com,2022-01-05,"Net Interest Income (NII) is expected to increase by 13.7 percent Y-o-Y (up 4.9 percent Q-o-Q) to Rs. 18,559.2 crore, according to Motilal Oswal....",4.07 pm
Buy HDFC Bank; target of Rs 2050: Emkay Global Financial,Moneycontrol.com,2022-01-05,Emkay Global Financial is bullish on HDFC Bank has recommended buy rating on the stock with a target price of Rs 2050 in its research report dated Jan...,3.33 pm
"HDFC Bank's loan book to MSMEs crosses Rs 13,000 crore in Uttar Pradesh",PTI,2021-12-17,"As of September 30, 2021, the Micro, Small, and Medium Enterprises (MSME) loan book for Uttar Pradesh stood at Rs 13,154 crore, HDFC Bank said in a st...",2.50 pm
Buy HDFC Bank; target of Rs 1931: Geojit,Moneycontrol.com,2021-10-25,"Geojit is bullish on HDFC Bank has recommended buy rating on the stock with a target price of Rs 1931 in its research report dated October 20, 2021....",12.07 pm
Buy HDFC Bank; target of Rs 1997: KR Choksey,Moneycontrol.com,2021-10-20,"KR Choksey is bullish on HDFC Bank has recommended buy rating on the stock with a target price of Rs 1997 in its research report dated October 19, 202...",12.01 pm
"HDFC Bank Standalone September 2021 Net Interest Income (NII) at Rs 17,684.39 crore, up  12.09% Y-o-Y",Moneycontrol.com,2021-10-19,NULL...,9.00 am
"HDFC Bank Consolidated September 2021 Net Interest Income (NII) at Rs 19,105.16 crore, up  14.34% Y-o-Y",Moneycontrol.com,2021-10-19,NULL...,9.00 am
Buy HDFC Bank; target of Rs 2000: ICICI Direct,Moneycontrol.com,2021-10-18,"ICICI Direct is bullish on HDFC Bank has recommended buy rating on the stock with a target price of Rs 2000 in its research report dated October 18, 2...",3.41 pm
Accumulate HDFC Bank; target of Rs 1935: Arihant Capital,Moneycontrol.com,2021-10-18,"Arihant Capital recommended accumulate rating on HDFC Bank with a target price of Rs 1935 in its research report dated October 18, 2021....",3.11 pm
Buy HDFC Bank; target of Rs 2050: Emkay Global Financial,Moneycontrol.com,2021-10-18,Emkay Global Financial is bullish on HDFC Bank has recommended buy rating on the stock with a target price of Rs 2050 in its research report dated Oct...,2.58 pm
Buy HDFC Bank; target of Rs 2000: Motilal Oswal,Moneycontrol.com,2021-10-18,"Motilal Oswal is bullish on HDFC Bank recommended buy rating on the stock with a target price of Rs 2000 in its research report dated October 17, 2021...",2.56 pm
"HDFC Bank Q2 Result | Profit grows 17.6% to Rs 8,834 crore, net interest income rises 12%",Moneycontrol.com,2021-10-16,"The advances grew by 15.5 percent year-on-year to approximately Rs 11.98 lakh crore in Q2FY22 and the same increased 4.4 percent sequentially, said HD...",3.15 pm
"HDFC Bank Q2 Result | Profit grows to Rs 8,834 crore, net interest income rises to Rs 17,684 crore",Moneycontrol.com,2021-10-16,"The advances grew by 15.4 percent year-on-year to approximately Rs 11.98 lakh crore in Q2FY22 and the same increased 4.4 percent sequentially, said HD...",3.15 pm
HDFC Bank Q2 Preview | Profit may rise 15% with stable asset quality and net interest margin,Moneycontrol.com,2021-10-16,"HDFC Bank Q2 Preview: With loan recovery, asset quality is likely to improve or remain stable compared with the previous quarter....",8.45 am
"HDFC Bank Q2 Net Profit seen up 18.3% YoY to Rs. 8,888.2 cr: Motilal Oswal",Moneycontrol.com,2021-10-13,"Net Interest Income (NII) is expected to increase by 11.5 percent Y-o-Y (up 3.4 percent Q-o-Q) to Rs. 17,583.2 crore, according to Motilal Oswal....",2.23 pm
"HDFC Bank Q2 Net Profit seen up 18.3% YoY to Rs. 8,888.2 cr: Motilal Oswal",Moneycontrol.com,2021-10-13,"Net Interest Income (NII) is expected to increase by 11.5 percent Y-o-Y (up 3.4 percent Q-o-Q) to Rs. 17,583.2 crore, according to Motilal Oswal....",2.23 pm
"HDFC Bank Q2 Net Profit seen up 15.8% YoY to Rs. 8,698.7 cr: Prabhudas Lilladher",Moneycontrol.com,2021-10-07,"Net Interest Income (NII) is expected to increase by 10.8 percent Y-o-Y (up 2.7 percent Q-o-Q) to Rs. 17,473.7 crore, according to Prabhudas Lilladher...",2.50 pm
Buy HDFC Bank; target of Rs 1850: Emkay Global Financial,Moneycontrol.com,2021-10-05,Emkay Global Financial is bullish on HDFC Bank has recommended buy rating on the stock with a target price of Rs 1850 in its research report dated Oct...,2.04 pm
HDFC Bank raises Rs 739 crore via masala bond,PTI,2021-09-30,The private sector lender will use the proceeds from the issue for banking activities....,10.58 pm
"Hot Stocks | 'Can bet on HDFC Bank, SBI Life Insurance Company, Reliance Industries for short term'",Moneycontrol.com,2021-09-03,"""The key support levels for Nifty for the short term are 16,722 (gap support) and 16,376 (three-week low),"" said Vidnyan Sawant of GEPL Capital....",7.44 am
Will the Bank Nifty have the last laugh?,Moneycontrol.com,2021-09-01,"The stage is set for the Bank Nifty catching up, albeit with some gyrations. Investors could well participate in the last leg of the rally riding on t...",10.00 am
Hot Stocks | Here's why HDFC Bank and Aurobindo Pharma are good short-term bets,Moneycontrol.com,2021-08-26,"The immediate support for the Nifty is placed near 16,400 level and resistance is pegged near 16,900 level, said Rohan Patil of Bonanza Portfolio...",7.06 am
HDFC Bank aims to regain lost market share in 1 year after RBI lifts credit card ban,PTI,2021-08-23,"The largest private sector lender by assets was allowed to issue new credit cards by the RBI last week, over eight months after being banned from doin...",2.13 pm
HDFC Bank fixes ffcoupon rate of $1 billion AT-1 bonds at 3.70%,PTI,2021-08-19,"The notes will be listed on the India International Exchange (IFSC) Limited, HDFC Bank said in a regulatory filing....",12.33 pm
"After a lukewarm H1CY21, private banks on cusp of re-rating, say analysts; ICICI, HDFC Bank, Kotak among top picks",Moneycontrol.com,2021-07-27,The second wave of the coronavirus is the main reason why most banking stocks failed to carry forward the healthy Q4FY21 numbers. With economic activi...,1.38 pm
Buy HDFC Bank target of Rs 1870: Prabhudas Lilladher,Moneycontrol.com,2021-07-22,Prabhudas Lilladher is bullish on HDFC Bank has recommended buy rating on the stock with a target price of Rs 1870 in its research report dated July 1...,2.35 pm
Buy HDFC Bank; target of Rs 1850: Emkay Global Financial,Moneycontrol.com,2021-07-21,Emkay Global Financial is bullish on HDFC Bank has recommended buy rating on the stock with a target price of Rs 1850 in its research report dated Jul...,1.19 pm
Buy HDFC Bank; target of Rs 1720: KR Choksey,Moneycontrol.com,2021-07-21,"KR Choksey is bullish on HDFC Bank has recommended buy rating on the stock with a target price of Rs 1720 in its research report dated Jun 19, 2021....",1.10 pm
Buy HDFC Bank: target of Rs 1810: Sharekhan,Moneycontrol.com,2021-07-19,"Sharekhan is bullish on HDFC Bank has recommended buy rating on the stock with a target price of Rs 1810 in its research report dated July 16, 2021....",5.16 pm
Buy HDFC Bank; target of Rs 1800: ICICI Direct,Moneycontrol.com,2021-07-19,"ICICI Direct is bullish on HDFC Bank has recommended buy rating on the stock with a target price of Rs 1800 in its research report dated July 19, 2021...",2.40 pm
"HDFC Bank Consolidated June 2021 Net Interest Income (NII) at Rs 18,035.26 crore, up  7.72% Y-o-Y",Moneycontrol.com,2021-07-19,NULL...,10.44 am
"HDFC Bank Standalone June 2021 Net Interest Income (NII) at Rs 17,008.96 crore, up  8.58% Y-o-Y",Moneycontrol.com,2021-07-19,NULL...,10.44 am
"HDFC Bank Q1 profit jumps 16.1% to Rs 7,729.6 crore, NII rises 8.6%",Moneycontrol.com,2021-07-17,Higher other income and pre-provision operating profit along with NII supported profitability....,1.50 pm
"HDFC Bank Q1 Net Profit seen up 17% YoY to Rs. 7,796 cr: Sharekhan",Moneycontrol.com,2021-07-15,"Net Interest Income (NII) is expected to increase by 6 percent Y-o-Y (down 3 percent Q-o-Q) to Rs. 16,636 crore, according to Sharekhan....",3.04 pm
"HDFC Bank Q1 Net Profit seen up 19.7% YoY to Rs. 7,970 cr: Emkay Research",Moneycontrol.com,2021-07-14,"Net Interest Income (NII) is expected to increase by 12.1 percent Y-o-Y (up 2.6 percent Q-o-Q) to Rs. 17,558.5 crore, according to Emkay Research....",7.38 pm
"HDFC Bank Q1 Net Profit seen up 27.8% YoY to Rs. 8,511.3 cr: ICICI Direct",Moneycontrol.com,2021-07-13,"Net Interest Income (NII) is expected to increase by 9.7 percent Y-o-Y (up 1.7 percent Q-o-Q) to Rs. 17,191 crore, according to ICICI Direct....",8.38 pm
"HDFC Bank Q1 Net Profit seen up 17.9% YoY to Rs. 7,853.1 cr: Motilal Oswal",Moneycontrol.com,2021-07-08,"Net Interest Income (NII) is expected to increase by 13.2 percent Y-o-Y (up 3.6 percent Q-o-Q) to Rs. 17,728.4 crore, according to Motilal Oswal....",7.03 pm
RBI ban on new credit cards sale hit market share; will come back with a bang once embargo lifted: HDFC Bank,PTI,2021-06-30,"The bank's head of consumer finance, digital banking and information technology, Parag Rao, said that it has used the last six months to ""introspe...",3.34 pm
"HDFC Bank to buy stake worth over Rs 1,906 crore in group's general insurer from parent HDFC",PTI,2021-06-20,"""The board of directors of HDFC Bank at its meeting held on June 18, 2021 has approved the purchase of 3,55,67,724 equity shares of Rs 10 each, repres...",9.15 am
HDFC commits Rs 40 crore for COVID-19 relief during second wave,PTI,2021-06-06,"The COVID-19 initiatives are being undertaken through its philanthropic arm the HT Parekh Foundation, HDFC Ltd said in a statement....",2.52 pm
"Senior citizens special fixed deposit: Here's what interest rates offered by SBI, HDFC Bank, ICICI Bank and Bank of Baroda",Moneycontrol.com,2021-05-20,Senior citizens special fixed deposit: The regular FD schemes offer an additional 50 basis points (bps) to senior citizens....,3.12 pm
Buy HDFC Bank; target of Rs 1653: Geojit,Moneycontrol.com,2021-04-22,"Geojit is bullish on HDFC Bank has recommended buy rating on the stock with a target price of Rs 1653 in its research report dated April 22, 2021....",3.41 pm
"HDFC Bank Consolidated March 2021 Net Interest Income (NII) at Rs 18,523.68 crore, up  13.88% Y-o-Y",Moneycontrol.com,2021-04-21,NULL...,3.35 pm
Buy HDFC Bank; target of Rs 1720: KR Choksey,Moneycontrol.com,2021-04-21,"KR Choksey is bullish on HDFC Bank has recommended buy rating on the stock with a target price of Rs 1720 in its research report dated April 19, 2021....",3.16 pm
Loan moratorium: Centre asks banks to reimburse 'interest on interest',Moneycontrol.com,2021-04-21,"The Supreme Court had on March 23, 2021, said compound interest should not be charged during the six-month moratorium period....",2.59 pm
"HDFC Bank Standalone March 2021 Net Interest Income (NII) at Rs 17,120.15 crore, up  12.6% Y-o-Y",Moneycontrol.com,2021-04-21,NULL...,2.45 pm
Buy HDFC Bank; target of Rs 1850: Emkay Global Financial,Moneycontrol.com,2021-04-21,Emkay Global Financial is bullish on HDFC Bank has recommended buy rating on the stock with a target price of Rs 1850 in its research report dated Apr...,1.29 pm
Accumulate HDFC Bank; target of Rs 1683: Arihant Capital,Moneycontrol.com,2021-04-21,"Arihant Capital recommended Accumulate rating on HDFC Bank with a target price of Rs 1683 in its research report dated April 19, 2021....",1.27 pm
Buy HDFC Bank; target of Rs 1800: Dolat Capital Market,Moneycontrol.com,2021-04-21,Dolat Capital Market is bullish on HDFC Bank has recommended buy rating on the stock with a target price of Rs 1800 in its research report dated April...,12.01 pm
Buy HDFC Bank target of Rs 1735: Prabhudas Lilladher,Moneycontrol.com,2021-04-20,Prabhudas Lilladher is bullish on HDFC Bank has recommended buy rating on the stock with a target price of Rs 1735 in its research report dated April ...,4.51 pm
Buy HDFC Bank; target of Rs 1800: Motilal Oswal,Moneycontrol.com,2021-04-20,"Motilal Oswal is bullish on HDFC Bank recommended buy rating on the stock with a target price of Rs 1800 in its research report dated April 18, 2021....",4.31 pm
Buy HDFC Bank: target of Rs 1810: Sharekhan,Moneycontrol.com,2021-04-20,"Sharekhan is bullish on HDFC Bank has recommended buy rating on the stock with a target price of Rs 1810 in its research report dated April 16, 2021....",3.04 pm
Buy HDFC Bank; target of Rs 1700: ICICI Direct,Moneycontrol.com,2021-04-20,"ICICI Direct is bullish on HDFC Bank has recommended buy rating on the stock with a target price of Rs 1700 in its research report dated April 18, 202...",2.44 pm
"HDFC Bank Standalone March 2021 Net Interest Income (NII) at Rs 17,120.15 crore, up  12.6% Y-o-Y",Moneycontrol.com,2021-04-19,NULL...,11.30 am
"HDFC Bank Consolidated March 2021 Net Interest Income (NII) at Rs 18,523.68 crore, up  13.88% Y-o-Y",Moneycontrol.com,2021-04-19,NULL...,11.22 am
"HDFC Bank Q4 profit jumps 18% to Rs 8,186.5 crore, net interest income rises 13%",Moneycontrol.com,2021-04-17,"On the asset quality front, the bank said gross non-performing assets (NPAs) as a percentage of gross advances were at 1.32 percent in Q4FY21, against...",3.14 pm
"HDFC Bank Q4 Results Preview: Profit could rise 25%, net interest income may grow over 10%",Moneycontrol.com,2021-04-17,Pre-provision operating profit is also expected to grow in the range of 15-20 percent in the March quarter YoY....,9.02 am
"HDFC Bank Q4 Net Profit seen up 25.4% YoY to Rs 8,689 cr: Sharekhan",Moneycontrol.com,2021-04-15,"Net Interest Income (NII) is expected to increase by 9.5 percent Y-o-Y (up 2.1 percent Q-o-Q) to Rs 16,655 crore, according to Sharekhan....",5.00 pm
"HDFC Bank Q4 Net Profit seen up 25.4% YoY to Rs. 8,684.7 cr: Prabhudas Lilladher",Moneycontrol.com,2021-04-06,"Net Interest Income (NII) is expected to increase by 15.6 percent Y-o-Y (up 7.7 percent Q-o-Q) to Rs. 17,578.2 crore, according to Prabhudas Lilladher...",8.25 pm
"HDFC Bank advances up 14%, deposits rise 16% at end of March 2021",PTI,2021-04-05,"""The bank's advances aggregated to approximately Rs 11.32 lakh crore as of March 31, 2021, a growth of around 13.9 per cent over Rs 9.93 lakh cror...",2.59 pm
"Hot Stocks | Why Tata Power, Rain Industries and HDFC Bank are bets for short term",Moneycontrol.com,2021-02-26,"The key support levels to watch out for in the short-term are 14,635 (weekly low), followed by 14,297 (61.8 percent retracement level of the rise from...",7.16 am
SAT stays Sebi's order against HDFC Bank in BRH Wealth Kreators case,PTI,2021-02-22,The proceedings of Sebi had arisen on account of non-conformity by HDFC Bank with the directions contained in the interim order issued by Sebi against...,7.10 pm
Buy HDFC Bank; target of Rs 1720: Motilal Oswal,Moneycontrol.com,2021-02-03,"Motilal Oswal is bullish on HDFC Bank has recommended buy rating on the stock with a target price of Rs 1720 in its research report dated January 17, ...",5.21 pm
Accumulate HDFC Bank; target of Rs 1671: KR Choksey,Moneycontrol.com,2021-02-02,"KR Choksey recommended accumulate rating on HDFC Bank with a target price of Rs 1671 in its research report dated January 19, 2021....",12.38 pm
Accumulate HDFC Bank; target of Rs 1647: Arihant Capital,Moneycontrol.com,2021-02-01,"Arihant Capital recommended accumulate rating on HDFC Bank with a target price of Rs 1647 in its research report dated January 18, 2021....",6.08 pm
Buy HDFC Bank; target of Rs 1690: Prabhudas Lilladher,Moneycontrol.com,2021-01-25,Prabhudas Lilladher is bullish on HDFC Bank has recommended buy rating on the stock with a target price of Rs 1690 in its research report dated Januar...,5.05 pm
BRH Wealth case: HDFC Bank says Sebi orders depositing over Rs 158 crore in escrow account,PTI,2021-01-22,"On Thursday, Sebi imposed a penalty of Rs 1 crore on HDFC Bank for invoking securities pledged by stock broker BRH Wealth Kreators in violation of the...",11.33 am
Buy HDFC Bank: target of Rs 1810: Sharekhan,Moneycontrol.com,2021-01-21,"Sharekhan is bullish on HDFC Bank has recommended buy rating on the stock with a target price of Rs 1810 in its research report dated January 15, 2021...",4.44 pm
Buy HDFC Bank; target of Rs 1870: YES Securities,Moneycontrol.com,2021-01-19,"YES Securities is bullish on HDFC Bank has recommended buy rating on the stock with a target price of Rs 1870 in its research report dated January 16,...",3.43 pm
Buy HDFC Bank; target of Rs 1750: Dolat Capital Market,Moneycontrol.com,2021-01-19,Dolat Capital Market is bullish on HDFC Bank has recommended buy rating on the stock with a target price of Rs 1750 in its research report dated Janua...,3.41 pm
"HDFC Bank Standalone December 2020 Net Interest Income (NII) at Rs 16,317.61 crore, up  15.13% Y-o-Y",Moneycontrol.com,2021-01-19,NULL...,9.00 am
"HDFC Bank Consolidated December 2020 Net Interest Income (NII) at Rs 17,328.92 crore, up  14.55% Y-o-Y",Moneycontrol.com,2021-01-19,NULL...,9.00 am
"HDFC Bank Q3 profit up 18%, here are highlights of analyst call",Moneycontrol.com,2021-01-18,"Cost to income ratio is expected to be back to 38-39 percent in the short term but in the medium term, the management intends to bring it down again....",5.36 pm
HDFC Bank penalises its executive for inadvertently selling shares,PTI,2021-01-17,"Jimmy Tata, the chief credit officer, sold 1,400 shares of HDFC Bank held by him in what the lender termed as an ""inadvertent trade""....",12.43 pm
"HDFC Bank Q3 profit jumps 18% to Rs 8,758 crore, asset quality improves sequentially",Moneycontrol.com,2021-01-16,"The CASA ratio as of December 2020 jumped to around 43 percent, compared to 39.5 percent at the end of December 2019 and 41.6 percent as on September ...",4.58 pm
HDFC Bank to report Q3 numbers today; here's what to expect,Moneycontrol.com,2021-01-16,"The loan loss provisions could see a marginal increase of 2-3 percent year-on-year, but sequentially the same may decline 15-16 percent, according to ...",7.40 am
"HDFC Bank, ICICI Bank extend senior citizens special FD scheme till March 31",Moneycontrol.com,2021-01-05,Extra interest rates over the existing rates on fixed deposits (FD) applicable for senior citizens on these FDs are offered by top lenders like State ...,2.45 pm
Hot Stocks | Force Motors and HDFC Bank are two short-term trading ideas,Moneycontrol.com,2020-12-07,"We have been hovering in the overbought territory for the last 2-3 weeks, but sometimes the market does not respect the theory and hence, it can remai...",7.24 am
Ex-HDFC Bank boss Aditya Puri's family buys Rs 50-crore home at Mumbai’s Malabar Hill,Moneycontrol.com,2020-12-04,"Actress Amrita Puri and Anita Puri, daughter and wife of former HDFC Bank MD Aditya Puri, jointly buy sea-facing luxury apartment as sales of high-end...",7.15 pm
"HDFC Bank outage | Working on war footing to strengthen IT infrastructure, will comply with RBI requirements: CEO Sashidhar Jagdishan",Moneycontrol.com,2020-12-03,The RBI has asked HDFC Bank to temporarily halt sourcing new credit cards and stop the launch of its digital business-generating activities planned un...,4.19 pm
HDFC Bank outage: A timeline of the bank’s run-ins with digital disruptions and what RBI has done,Moneycontrol.com,2020-12-03,HDFC Bank has had multiple failures in regards to digital services with customers complaining of inability to conduct credit and debit card transactio...,12.38 pm
"RBI asks HDFC Bank to halt fresh digital initiatives, sourcing of new credit card customers after multiple digital failures",Moneycontrol.com,2020-12-03,RBI has advised the bank to temporarily stop activities under its Digital 2.0 initiative until the technical glitches are fixed. It has also asked HDF...,10.49 am
"DHFL promoter Kapil Wadhawan moves NCLT seeking participation in CoC meeting, access to data",Moneycontrol.com,2020-11-26,"Earlier, Kapil Wadhawan had requested the RBI-appointed administrator that he should be allowed to participate in the next meeting of the CoC so that ...",7.30 pm
"HDFC Bank's entire payment stack goes down due to technical glitch, restored",Moneycontrol.com,2020-11-22,"Transactions through HDFC Bank's credit/debit cards, internet banking, UPI, IMPS, and other modes of payment had been failing since November 21 ev...",3.23 pm
Axis Bank revises fixed deposit rates; check latest rates here,Moneycontrol.com,2020-11-16,The interest rates on fixed deposits were earlier changed on August 26....,9.25 pm
HDFC Bank revises interest rates for fixed deposit,Moneycontrol.com,2020-11-16,"HDFC Bank has cut the interest rates by 10 basis points (bps) on deposits maturing in one year and two years. So, the interest rate for 1 year 1 day t...",7.37 pm
AstraZeneca Pharma India Q2 net profit up 83% at Rs 26 crore,PTI,2020-11-05,"The company had posted a net profit of Rs 14.41 crore for the corresponding period of the previous fiscal, it said in a filing to the BSE....",6.50 pm
HDFC Bank names Ramesh Lakshminarayanan as CIO,PTI,2020-11-05,This is the first major appointment after new CEO Jagdishan took charge last month....,6.17 pm
Large banks hold up well in Q2 but experts say too early to celebrate,Moneycontrol.com,2020-11-03,A clear picture of how the coronavirus outbreak has hit the banking sector will emerge only after some quarters once the Reserve Bank of India's s...,12.17 pm
Buy HDFC Bank; target of Rs 1500: Motilal Oswal,Moneycontrol.com,2020-11-02,"Motilal Oswal is bullish on HDFC Bank recommended buy rating on the stock with a target price of Rs 1500 in its research report dated October 27, 2020...",12.52 pm
Buy HDFC Bank; target of Rs 1420: Geojit,Moneycontrol.com,2020-10-22,"Geojit is bullish on HDFC Bank has recommended buy rating on the stock with a target price of Rs 1420 in its research report dated October 21, 2020....",10.15 am
Buy HDFC Bank; target of Rs 1427: KRChoksey,Moneycontrol.com,2020-10-21,"KRChoksey is bullish on HDFC Bank has recommended buy rating on the stock with a target price of Rs 1427 in its research report dated October 19, 2020...",1.04 pm
Buy HDFC Bank; target of Rs 1385: Prabhudas Lilladher,Moneycontrol.com,2020-10-20,Prabhudas Lilladher is bullish on HDFC Bank has recommended buy rating on the stock with a target price of Rs 1385 in its research report dated Octobe...,2.08 pm
Buy HDFC Bank; target of Rs 1450: ICICI Direct,Moneycontrol.com,2020-10-20,"ICICI Direct is bullish on HDFC Bank recommended buy rating on the stock with a target price of Rs 1450 in its research report dated October 18, 2020....",1.05 pm
Buy HDFC Bank; target of Rs 1500: Sharekhan,Moneycontrol.com,2020-10-19,"Sharekhan is bullish on HDFC Bank has recommended buy rating on the stock with a target price of Rs 1500 in its research report dated October 16, 2020...",6.47 pm
Buy HDFC Bank; target of Rs 1450: Dolat Capital Market,Moneycontrol.com,2020-10-19,Dolat Capital Market is bullish on HDFC Bank has recommended buy rating on the stock with a target price of Rs 1450 in its research report dated Octob...,5.55 pm
Accumulate HDFC Bank; target of Rs 1345: Arihant Capital,Moneycontrol.com,2020-10-19,"Arihant Capital recommended accumulate rating on HDFC Bank with a target price of Rs 1345 in its research report dated October 19, 2020....",5.24 pm
Buy HDFC Bank; target of Rs 1500: YES Securities,Moneycontrol.com,2020-10-19,"YES Securities is bullish on HDFC Bank has recommended buy rating on the stock with a target price of Rs 1500 in its research report dated October 19,...",4.02 pm
Buy HDFC Bank; target of Rs 1500: Emkay Global Financial,Moneycontrol.com,2020-10-19,Emkay Global Financial is bullish on HDFC Bank has recommended buy rating on the stock with a target price of Rs 1500 in its research report dated Oct...,3.15 pm
"HDFC Bank Consolidated September 2020 Net Interest Income (NII) at Rs 16,709.09 crore, up  15.57% Y-o-Y",Moneycontrol.com,2020-10-19,NULL...,1.11 pm
"HDFC Bank Standalone September 2020 Net Interest Income (NII) at Rs 15,776.39 crore, up  16.73% Y-o-Y",Moneycontrol.com,2020-10-19,NULL...,1.11 pm
Buy HDFC Bank; target of Rs 1400 : Motilal Oswal,Moneycontrol.com,2020-10-19,"Motilal Oswal is bullish on HDFC Bank recommended buy rating on the stock with a target price of Rs 1400 in its research report dated October 18, 2020...",11.55 am
"Aditya Puri hangs up boots with a good quarter, but asset quality remains a concern amid COVID-19 pandemic",Moneycontrol.com,2020-10-17,"HDFC Bank's asset quality has improved, provisions are on the expected lines, and there is a realistic guidance on the COVID-situation and its lik...",6.04 pm
"HDFC Bank reports 18.4% jump in Q2 profit at Rs 7,513 crore, NII rises 16.7%",Moneycontrol.com,2020-10-17,"HDFC Bank's CASA ratio stood at around 42 percent as of September 2020, compared to 39.3 percent as of September 2019, and 40.1 percent in June 20...",4.35 pm
HDFC Bank Q2 preview: May post over 16% profit growth; asset quality trends key monitorable,Moneycontrol.com,2020-10-16,Pre-provision operating profit growth could be in the 10-12 percent range in Q2 due to lower other income...,5.49 pm
HDFC Bank vs Bajaj Finance: Which stock makes a better bet?,Moneycontrol.com,2020-10-08,Both HDFC Bank and Bajaj Finance are well-run companies and have gained market share over the past years...,9.49 am
"Your jobs, increments, bonuses are secure: HDFC Bank's Aditya Puri assures employees",Moneycontrol.com,2020-10-06,"Even as the COVID-19 pandemic rages on, HDFC Bank’s Aditya Puri, who retires later this month, said the bank is doing well, has sufficient capital a...",7.11 pm
Buy HDFC Bank; target of Rs 1300: Emkay Global Financial,Moneycontrol.com,2020-10-06,Emkay Global Financial is bullish on HDFC Bank has recommended buy rating on the stock with a target price of Rs 1300 in its research report dated Oct...,12.50 pm
Business returning to pre-COVID levels: HDFC Bank MD Aditya Puri,PTI,2020-09-30,"Launching the second edition of the bank’s 'Festive Treats' offers, Puri also urged customers to shake off the gloom and return to the buyin...",8.09 pm
Buy HDFC Bank; target of Rs 1300: Emkay Global Financial,Moneycontrol.com,2020-09-28,Emkay Global Financial is bullish on HDFC Bank has recommended buy rating on the stock with a target price of Rs 1300 in its research report dated Sep...,11.11 pm
HDFC Bank aims 10-fold growth in merchant segment in 3 years to 20 million,PTI,2020-09-27,"The bank started targeting merchants about 18 months ago with solutions on accepting payments, providing value-added services like creating a simple w...",6.53 pm
Another US-based law firm Pomerantz announces class action suit against HDFC Bank on ‘false and misleading’ statements about its business,Moneycontrol.com,2020-09-18,"The complaint alleges that throughout the Class Period, Defendants made materially false and misleading statements regarding the Bank's business, ...",1.32 pm
Volvo Car India partners with HDFC Bank to launch Volvo Car Financial Services,PTI,2020-09-16,"The service facilitates finance of up to 100 percent of ex-showroom price of the car and offers convenient repayment options, with no foreclosure char...",3.34 pm
"HDFC Bank raises late payment fees for credit cards, others may follow: Report",Moneycontrol.com,2020-09-11,HDFC bank has also raised interest rate on 'revolver balances' on some credit cards....,3.53 pm
Customers buying high-value products through credit card EMIs at all-time high: HDFC Bank,PTI,2020-09-08,"The 'millennia' is driving a bulk of new card acquisitions and accounts for a big part of the customer portfolio now, Chatterjee said adding t...",11.00 pm
Market may be heading to record high; brokerages bet on these 8 blue-chip stocks,Moneycontrol.com,2020-08-27,"While the market has rallied smartly, the rally has been highly concentrated with the top 15 stocks contributing over 70 percent of the returns....",2.24 pm
"Seven of top-10 most valued companies add Rs 67,622 crore in m-cap; ICICI, HDFC Bank lead gainers",PTI,2020-08-23,"The market capitalisation of HDFC Bank and ICICI Bank jumped by Rs 28,183.55 crore and Rs 21,839.67 crore, respectively....",10.15 am
US investors' rights law firm announces probe against HDFC Bank,Moneycontrol.com,2020-08-17,The investigation is reportedly resulting from allegations that HDFC Bank may have issued materially misleading business information to the investing ...,10.14 am
"Lot has been done, but best of HDFC Bank yet to come: Aditya Puri",PTI,2020-08-13,The veteran banker has been instrumental in building the bank from scratch and turning it into the largest private sector lender of the country....,7.30 pm
"HDFC raises Rs 10,000 crore equity capital in QIP; issues warrants and bonds",PTI,2020-08-11,"Besides, the corporation has raised Rs 3,693 crore through an issue of non-convertible debentures. It also allotted 1,70,57,400 warrants at an issue p...",3.42 pm
HDFC Bank’s video KYC suite expected to go live soon,Moneycontrol.com,2020-08-11,The bank is said to be testing the platform within a small pool of users. It is expected to roll out the service by offering instant savings and salar...,1.42 pm
'Insider' Sashidhar Jagdishan new HDFC Bank CEO: Here are some of the challenges he faces,Moneycontrol.com,2020-08-04,"Sashi, as he is called by colleagues in HDFC Bank, joined the institution in 1996 as a manager in the finance function. HDFC Bank wasn’t a very well...",4.46 pm
Aditya Puri on HDFC Bank stake sale: ‘Nothing to do with bank; need money for retirement’,Moneycontrol.com,2020-08-04,"Aditya Puri retires as HDFC Bank's Managing Director on October 26, 2020. Sashidhar Jagdishan has been appointed as his successor....",12.21 pm
"Who is Sashidhar Jagdishan, the new CEO of HDFC Bank?",Moneycontrol.com,2020-08-04,"Jagdishan joined the bank in 1996 as a Manager in the finance function, and then went on to become Business Head - Finance in 1999....",11.09 am
Bank FDs double YoY to Rs 6.1 lakh crore in Q1 FY21,Moneycontrol.com,2020-08-03,"The shift towards FDs could mean that depositors think interest rates will increase, and it may also hint at risk-aversion...",3.55 pm
HDFC Bank sacks six officials following internal probe: Five questions answered,Moneycontrol.com,2020-07-21,HDFC Bank’s internal investigations discovered certain irregularities in the vehicle finance division....,1.59 pm
Buy HDFC Bank target; of Rs 1470: ICICI Securities,Moneycontrol.com,2020-07-21,"ICICI Securities is bullish on HDFC Bank recommended buy rating on the stock with a target price of Rs 1470 in its research report dated July 19, 2020...",1.54 pm
Buy HDFC Bank; target of Rs 1265: Prabhudas Lilladher,Moneycontrol.com,2020-07-21,Prabhudas Lilladher is bullish on HDFC Bank has recommended buy rating on the stock with a target price of Rs 1265 in its research report dated July 1...,1.53 pm
Buy HDFC Bank; target of Rs 1470: YES Securities,Moneycontrol.com,2020-07-21,"YES Securities is bullish on HDFC Bank has recommended buy rating on the stock with a target price of Rs 1470 in its research report dated July 19, 20...",1.49 pm
Buy HDFC Bank; target of Rs 1280: Motilal Oswal,Moneycontrol.com,2020-07-21,"Motilal Oswal is bullish on HDFC Bank recommended buy rating on the stock with a target price of Rs 1280 in its research report dated July 19, 2020....",1.47 pm
Accumulate HDFC Bank; target of Rs 1257: Arihant Capital,Moneycontrol.com,2020-07-21,"Arihant Capital recommended accumulate rating on HDFC Bank with a target price of Rs 1257 in its research report dated July 19, 2020....",1.46 pm
Buy HDFC Bank target of Rs 1400: Sharekhan,Moneycontrol.com,2020-07-21,"Sharekhan is bullish on HDFC Bank has recommended buy rating on the stock with a target price of Rs 1400 in its research report dated July 17, 2020....",8.38 am
Buy HDFC Bank; target of Rs 1300: Dolat Capital,Moneycontrol.com,2020-07-20,"Dolat Capital is bullish on HDFC Bank has recommended buy rating on the stock with a target price of Rs 1300 in its research report dated July 18, 202...",11.28 am
Economic recovery might 'lose steam' due to partial lockdown: HDFC Bank's Aditya Puri,Moneycontrol.com,2020-07-19,"HDFC Bank on July 18 reported a standalone profit of Rs 6,658.62 crore for the June quarter, a 19.6 percent year-on-year growth....",1.37 pm
"Few auto loans executives indulged in personal misconduct, no conflict of interest: HDFC Bank's Aditya Puri",PTI,2020-07-18,The remarks by Puri came amid reports about the circumstances under which the head of the auto loan business retired in March and also about probes re...,9.28 pm
"HDFC Bank Q1 profit jumps 20% to Rs 6,658.6 crore, loan growth lifts NII 18%",Moneycontrol.com,2020-07-18,"Net interest income in Q1 FY21 climbed 17.8 percent year-on-year to Rs 15,665.42 crore supported by healthy loan growth of 21 percent....",1.43 pm
"HDFC Bank Q1 Preview: Double-digit growth seen in profit, NII, PPoP but provisions may remain elevated",Moneycontrol.com,2020-07-18,"Asset quality may slightly weaken during the quarter on sequential basis, while the provisions may remain elevated due to COVID-19....",12.52 pm
"From foot operated flushes to ionised AC air, Railways customises coaches for post COVID times",PTI,2020-07-14,Railway Minister Piyush Goyal also indicated that the new coaches could be the new normal....,1.30 pm
HDFC Bank starts probe into auto loan practices following allegations,PTI,2020-07-13,"The allegations pertain largely to the professional conduct which raises issues about possible conflicts of interest, sources said, stressing the qual...",10.18 pm
Top five private banks stare at NPAs doubling to 5% in FY21,PTI,2020-07-10,"These five banks-- HDFC Bank, ICICI Bank, Axis Bank, Kotak Mahindra Bank, IndusInd Bank and Yes Bank--collectively control a quarter of the system and...",7.23 pm
HDFC Bank annual report 2019-20: Here are 10 key highlights,Moneycontrol.com,2020-07-08,"HDFC Bank Managing Director Aditya Puri took home a total remuneration of Rs 18.9 crore in the fiscal year 2019-20, according to the latest annual rep...",2.26 pm
Sterlite Power refinances Gurugram Palwal Transmission project,PTI,2020-07-06,The new facility has been availed at significantly favourable terms demonstrating the considerably improved risk profile of the project post achieveme...,2.45 pm
Fixed deposits: 4 FDs you must invest in to beat low interest rates,Moneycontrol.com,2020-07-06,"But, most of the fixed deposits still offers interest rates which are  high when compared to banks....",1.30 pm
"HDFC Bank deposits rise 25% YoY in Q1 FY21, advances grow 21%",Moneycontrol.com,2020-07-05,"The Bank’s CASA ratio stood at around 40 percent as of June 30, 2020, as compared to 39.7 percent in the year-ago and 42.2 percent at the end of Mar...",2.25 pm
Buy HDFC Bank; target of Rs 1300: Dolat Capital,Moneycontrol.com,2020-07-03,"Dolat Capital is bullish on HDFC Bank has recommended buy rating on the stock with a target price of Rs 1300 in its research report dated July 02, 202...",2.33 pm
Buy HDFC Bank; target of Rs 1250: Motilal Oswal,Moneycontrol.com,2020-07-01,"Motilal Oswal is bullish on HDFC Bank recommended buy rating on the stock with a target price of Rs 1250 in its research report dated June 29, 2020....",10.47 am
SEBI seeks clarification on CAMS IPO,PTI,2020-06-30,"In an update on June 29, the regulator said it is awaiting response to the clarification sought on June 26 from the lead manager of the public issue....",4.00 pm
HDFC Bank’s Aditya Puri took home Rs 18.9 crore annual pay in FY20; SBI’s Rajnish Kumar drew Rs 31 lakh,Moneycontrol.com,2020-06-25,Wage disparity between the public and private sector is not limited to banks. The government has not acted to reform the pay structure so far except f...,12.55 pm
HDFC Bank well-placed to tide over COVID-19 crisis: Aditya Puri to stakeholders,PTI,2020-06-24,"In a letter to the stakeholders, Puri wrote, ""Let us, however, remember that the darkest hour is always just before the dawn, and that dawn is not far...",7.45 pm
Hyundai Motor India partners with HDFC Bank for vehicle finance,PTI,2020-06-19,"The tie-up will enable customers to avail of loans through Click to Buy platform without the need to visit HDFC Bank branch, HMIL said in a statement....",6.10 pm
"Retail digital payments rose to 20% of GDP in FY20, grew 70% YoY: Report",Moneycontrol.com,2020-06-19,"The growth in digital payments in India is being led by UPI and card payments, with lenders like HDFC Bank leading from the front....",4.26 pm
Indian economy to recover very fast: HDFC Bank CEO Aditya Puri,PTI,2020-06-18,"It can be noted that the economy is widely expected to contract in FY21, with some analysts pegging the GDP to decline by 5 percent. The entire first ...",4.45 pm
"Total loan book under moratorium saw a decline; HDFC Bank, ICICI top picks: Macquarie",Moneycontrol.com,2020-06-18,Macquarie believes worries about large-scale retail defaults are exaggerated....,2.51 pm
"Seven of top-10 firms lose Rs 78,127 crore in m-cap; HDFC Bank takes biggest hit",PTI,2020-06-14,"HDFC Bank's market valuation plunged Rs 28,391.71 crore to Rs 5,39,305.38 crore....",11.38 am
HDFC cuts lending rate by 20 basis points,PTI,2020-06-12,"Rates across the banking system have headed south in the last few months, as the Reserve Bank of India (RBI) and the government work in tandem to prop...",2.15 pm
HDFC Bank nets 2.5 lakh new customers through instant account opening in lockdown,PTI,2020-06-07,"The 'Instant Account App' was launched in late April, when there was strict lockdown across the country....",6.32 pm
'Will have to start living on the streets': SBI Chairman Rajnish Kumar's light-hearted remark on possible pay cut,CNBC-TV18,2020-06-06,"While the remark was made lightly, it serves to highlight the widening gap between the pays of private and public sector bankers in India....",1.55 pm
Looking for momentum plays? These 4 stocks can return 14-20%,Moneycontrol.com,2020-05-28,VIX staying below 35 level will be support for the market and any up move will cap the upside to keep the market range bound....,3.26 pm
10-15% moderation in salaries not to impact lending practice: HDFC Bank,PTI,2020-05-27,"A pent-up demand for vehicles and social distancing needs, coupled with the introduction of digital inputs to manage customer journey by banks will le...",8.10 pm
Market stares at an uncertain tomorrow; 12 stocks that can still reap gains,Moneycontrol.com,2020-05-22,Experts continue to warn that the market will keep oscillating between rise and fall and one must remain cautious while taking a call for trade....,2.11 pm
Buy HDFC Bank; target of Rs 1200: Motilal Oswal,Moneycontrol.com,2020-05-06,"Motilal Oswal is bullish on HDFC Bank has recommended buy rating on the stock with a target price of Rs 1200 in its research report dated April 19, 20...",6.50 pm
Buy HDFC Bank; target of Rs 1100: ICICI Direct,Moneycontrol.com,2020-05-05,"ICICI Direct is bullish on HDFC Bank has recommended buy rating on the stock with a target price of Rs 1100 in its research report dated April 20, 202...",3.30 pm
Google ropes in former Axis Bank CEO Shikha Sharma for its payments business,Moneycontrol.com,2020-04-30,She will help the company to bolster its global payments business....,5.01 pm
Financials may see FY21 earnings drop 40%; BNP Paribas gives 10 stock picks,Moneycontrol.com,2020-04-22,"Fiscal stimulus, the extension of RBI forbearance, normal monsoon and results of the first half of FY21 will decide the course of India's financia...",2.36 pm
HDFC Bank posts decent earnings in Q4 despite higher provisions; key highlights from analysts call,Moneycontrol.com,2020-04-20,"In corporate loan, over 80 percent of the disbursal during the quarter was for the tenor less than 1 year....",11.31 am
"HDFC Bank board finalises Aditya Puri's successor, waits for RBI nod",PTI,2020-04-18,"Puri has been the head of the lender since its incorporation 25 years ago and has led it to be the largest and most valuable bank, on the back of a st...",7.15 pm
India's sovereign rating restricting upgrade on HDFC Bank's ratings: S&P global ratings,PTI,2020-04-18,"S&P appreciated HDFC Bank's comfortable capitalisation, strong earnings, regular capital raising to fund above-average growth and the ""best"" asset...",6.00 pm
"HDFC Bank Q4: Good show, but the COVID-19 shock is likely to weigh heavily beginning June quarter",Moneycontrol.com,2020-04-18,"With economic activity coming to a grinding halt and cash flows of companies getting impacted, analysts expect a rise in bad loans across the sectors....",4.57 pm
HDFC Bank earnings review: Here are 10 key takeaways from its Q4 show,Moneycontrol.com,2020-04-18,"Bank said there was impact on business volumes and collection efforts, as a result fees/other income were lower by Rs 450 crore in Q4FY20....",4.32 pm
"HDFC Bank Q4 profit rises 18% to Rs 6,928 cr, NII growth at 16%",Moneycontrol.com,2020-04-18,The private sector lender registered a strong business growth during the quarter and continued to gained market share as deposits grew by 24.2 percent...,2.38 pm
"HDFC Bank Q4 profit growth expected to be over 20%, gross NPAs may inch up",Moneycontrol.com,2020-04-17,"Sharekhan expects a marginally increase in GNPA, overall credit costs are well within range....",4.41 pm
HDFC Bank cuts lending rate by 0.20%,PTI,2020-04-08,"The revised overnight MCLR stands at 7.60 percent, while the one-year MCLR, to which a host of loans are linked, has been reviewed to 7.95 percent....",10.37 pm
RBI asks HDFC Bank to submit proposal on two appointments after new CEO takes over,PTI,2020-04-08,"Bank's long-time MD and CEO Aditya Puri is set to retire in October this year as he would turn 70, in accordance with the RBI guidelines on age li...",10.10 pm
"HDFC Bank bucks trend, reports 7.4% rise in deposits in March-qtr",PTI,2020-04-05,HDFC Bank has bucked what was emerging as a trend of private-sector lenders facing a fall in deposit base during the March quarter....,5.18 pm
Coronavirus pandemic | HDFC Bank offers loan deferment option to customers,PTI,2020-04-02,The bank said its debit card holder customers can now withdraw cash from any ATM without charges till June 30....,8.50 am
Theleme Master Fund picks up HDFC Bank shares worth Rs 280cr,PTI,2020-03-30,"According to the block deal data available on NSE, Theleme Master Fund bought 31,07,852 shares of HDFC Bank at an average price of Rs 901 valuing the ...",8.49 pm
Axis Bank to invest Rs 600 crore in Yes Bank via equity,Moneycontrol.com,2020-03-13,Axis Bank will acquire 60 crore equity shares of Yes Bank at Rs 10 per share including a premium of Rs 8 per share....,5.38 pm
"Yes Bank crisis: Depositors' interest top priority, says SBI Chairman Rajnish Kumar",NEWS18.com,2020-03-09,"In an interview with CNN-News18, Rajnish Kumar, Chairman, SBI, explained how his bank is preparing the ground for Yes Bank's turnaround and the hu...",7.30 pm
The unenviable job of Aditya Puri's successor at HDFC Bank,Moneycontrol.com,2020-03-04,"Even when many in the competition lost direction on account of periodic financial sector crises and internal corporate governance issues, Puri managed...",7.36 pm
"Aditya Puri successor: HDFC Bank recasts search panel, Keki Mistry replaced by Renu Karnad",PTI,2020-03-04,Mistry leaves the board of the bank after completing eight consecutive years as a director -- the maximum tenure that regulation allows....,7.18 pm
HDFC Bank launches co-branded credit card with IndiGo,PTI,2020-02-28,"Labelled Ka-ching, the card will offer many benefits like complimentary air tickets, lounge access, 5 per cent cashback or reward points on Indigo boo...",8.28 am
"Worry on my succession is overblown, says HDFC Bank's Aditya Puri",CNBC-TV18,2020-02-27,"""We want to make sure that we hire the best candidate, internal or external,"" Aditya Puri said....",3.36 pm
Aditya Puri denies rumours of differences with Deepak Parekh over successor,Moneycontrol.com,2020-02-27,"The search committee has been told there are strong internal candidates, but they can look for talented external candidates as well, Puri said...",10.57 am
HDFC Bank aims to be go-to bank for start-ups,PTI,2020-02-25,"""Through the SmartUp programme, we are already engaging with the start-up community to partner with them in their entrepreneurial journey using smart ...",4.45 pm
HDFC Bank completes 25 years of operations,PTI,2020-02-18,"Its managing director and chief executive Aditya Puri, who has led the bank from scratch, planted a guava tree at a municipal school in central Mumbai...",10.12 pm
"HDFC Bank, Mastercard, SAP Concur join hands to manage spending in corporate sector",PTI,2020-02-18,"SAP Concur is a travel, expense, and invoice management solutions provider....",9.00 pm
HDFC Bank appoints Anjani Rathor chief digital officer,PTI,2020-02-09,HDFC Bank managing director Aditya Puri said Rathor's credentials and leadership abilities make it a good addition to its leadership team....,8.34 pm
RBI will have to do heavy lifting to boost growth by cutting rates: HDFC Bank,PTI,2020-02-05,"The bank said the headline inflation print will continue to be above seven per cent, much higher than the RBI's upper band of 6 per cent for Janua...",7.20 pm
RBI imposes Rs 1 cr penatly on HDFC Bank,PTI,2020-01-29,The RBI had issued a notice to the bank to show cause as to why penalty should not be imposed for non-compliance with the direction...,8.18 pm
HDFC pitches for one-time loan recast for realty projects,PTI,2020-01-28,"The comments come amid difficult times faced by the realty sector, which has forced the government to announce a Rs 25,000 crore fund to push stuck pr...",3.20 pm
Buy HDFC Bank; target of Rs 1406: Prabhudas Lilladher,Moneycontrol.com,2020-01-23,Prabhudas Lilladher is bullish on HDFC Bank has recommended buy rating on the stock with a target price of Rs 1406 in its research report dated Januar...,12.39 pm
Buy HDFC Bank; target of Rs 1550: ICICI Direct,Moneycontrol.com,2020-01-22,"ICICI Direct is bullish on HDFC Bank has recommended buy rating on the stock with a target price of Rs 1550 in its research report dated January 20, 2...",2.48 pm
Buy HDFC Bank; target of Rs 1550: ICICI Direct,Moneycontrol.com,2020-01-21,"ICICI Direct is bullish on HDFC Bank has recommended buy rating on the stock with a target price of Rs 1550 in its research report dated January 20, 2...",3.24 pm
"HDFC Bank Q3: Mixed numbers; should investors buy, sell or hold?",Moneycontrol.com,2020-01-20,"Motilal Oswal, which has a buy call on the stock with a target of Rs 1,500 per share, has said HDFC Bank's operating performance remained strong i...",12.05 pm
"HDFC Bank Consolidated December 2019 Net Interest Income (NII) at Rs 15,127.65 crore, up  13.13% Y-o-Y",Moneycontrol.com,2020-01-20,NULL...,11.08 am
"HDFC Bank Standalone December 2019 Net Interest Income (NII) at Rs 14,172.90 crore, up  12.69% Y-o-Y",Moneycontrol.com,2020-01-20,NULL...,10.55 am
"HDFC Bank Q3 profit jumps 33%, but asset quality weakens, provisions spike",Moneycontrol.com,2020-01-18,Asset quality was weak with gross non-performing assets (NPA) rising 4bps QoQ to 1.42 percent and net NPA climbing 6bps QoQ to 0.48 percent in quarter...,3.42 pm
"HDFC Bank Q3 profit likely to grow over 20%, but slow loan growth may limit NII",Moneycontrol.com,2020-01-18,"Most brokerages expect the asset quality to weaken marginally during the quarter due to agri exposure, but overall it remain under control....",7.44 am
Lenders take digital route to co-lending with NBFCs,Moneycontrol.com,2020-01-17,"Banks like HDFC Bank, ICICI Bank, Axis Bank, YES Bank, Bank of Baroda, Oriental Bank of Commerce, and NBFCs like Mahindra & Mahindra Financial Service...",10.08 pm
"BNP Paribas sees Sensex at 44,500 by December-end",Moneycontrol.com,2020-01-16,"Manishi Raychaudhuri, Asia Pacific Equity Strategist at BNP Paribas, said Indian valuations remain at a premium as compared to its Asian peers....",5.40 pm
HDFC Bank credit card services to be temporarily unavailable on January 18,Moneycontrol.com,2020-01-15,A maintenance alert was issued by the bank on the development....,7.05 pm
"HDFC Bank launches service for religious bodies, societies and clubs",PTI,2020-01-09,"The institutions will be having either a savings, current or escrow account with the bank....",5.20 pm
Q3 numbers key as companies bet on earnings recovery,Moneycontrol.com,2020-01-08,We expect Nifty EPS to grow by 14 percent for FY20 and clock in an EPS figure of Rs 554 for FY20....,1.13 pm
