title,source,date,detail,time
L&T shares reach record high amidst its first-ever buyback plan,Moneycontrol.com,2023-07-21,L&T will discuss a proposal for equity share buyback and a special dividend on equity shares for the financial year 2023-24 during its board meeting o...,9.46 am
L&T secures new orders in water treatment segment,PTI,2023-07-17,"The work order has been received from the State Water & Sanitation Mission, Uttar Pradesh, to construct a water supply scheme for the Hanumanganj mult...",1.38 pm
L&T secures new orders in water treatment segment,PTI,2023-07-17,"The work order has been received from the State Water & Sanitation Mission, Uttar Pradesh, to construct a water supply scheme for the Hanumanganj mult...",1.38 pm
L&T supplies various components for Chandrayaan-3,PTI,2023-07-13,"In a regulatory filing, the company said components like ""middle segment and nozzle bucket flange"" were manufactured at its facility in Powai, while c...",2.10 pm
L&T hits 52-week high on DRDO contract for AIP System Modules for Indian Navy submarines,Moneycontrol.com,2023-06-22,"On realisation and integration of these modules in the submarines, India will join an elite club of a handful of nations who have indigenously develop...",3.23 pm
"L&T gains as EPC major bags bullet train project with Rs 15,697-crore bid",Moneycontrol.com,2023-06-19,"As per financial bid result, L&T has emerged as the lowest bidder to construct 135.45 km section of Mumbai-Ahmedabad High Speed Rail project at Rs 15,...",10.52 am
Buy Larsen and Toubro; target of Rs 2615: Prabhudas Lilladher,Moneycontrol.com,2023-05-13,Prabhudas Lilladher is bullish on Larsen and Toubro has recommended buy rating on the stock with a target price of Rs 2615 in its research report date...,3.09 pm
Hold Larsen and Toubro; target of Rs 2700: Sharekhan,Moneycontrol.com,2023-05-12,"Sharekhan recommended Hold rating on Larsen and Toubro with a target price of Rs 2700 in its research report dated May 10, 2023....",5.18 pm
Buy Larsen and Toubro; target of Rs 2724: HDFC Securities,Moneycontrol.com,2023-05-12,HDFC Securities is bullish on Larsen and Toubro has recommended buy rating on the stock with a target price of Rs 2724 in its research report dated Ma...,4.16 pm
"Larsen Consolidated March 2023 Net Sales at Rs 58,335.15 crore, up 10.38% Y-o-Y",Moneycontrol.com,2023-05-10,NULL...,10.32 pm
"Larsen Standalone March 2023 Net Sales at Rs 36,734.13 crore, down 1.88% Y-o-Y",Moneycontrol.com,2023-05-10,NULL...,10.22 pm
L&T Preview: Better execution to boost Q4 topline; large order wins to raise margins,Moneycontrol.com,2023-05-09,"Management outlook on order pipeline, margin trajectory, working capital and cash flow management would be key monitorables, believe analysts...",2.30 pm
Buy Larsen and Toubro; target of Rs 2600: Sharekhan,Moneycontrol.com,2023-03-09,Sharekhan is bullish on Larsen and Toubro has recommended buy rating on the stock with a target price of Rs 2600 in its research report dated March 08...,11.33 am
Buy Larsen and Toubro; target of Rs 2442: LKP Research,Moneycontrol.com,2023-02-02,LKP Research is bullish on Larsen and Toubro has recommended buy rating on the stock with a target price of Rs 2442 in its research report dated Janua...,6.24 pm
Buy Larsen and Toubro; target of Rs 2432: HDFC Securities,Moneycontrol.com,2023-02-01,HDFC Securities is bullish on Larsen and Toubro has recommended buy rating on the stock with a target price of Rs 2432 in its research report dated Ja...,2.04 pm
Buy Larsen and Toubro; target of Rs 2455: Sharekhan,Moneycontrol.com,2023-02-01,Sharekhan is bullish on Larsen and Toubro has recommended buy rating on the stock with a target price of Rs 2455 in its research report dated January ...,11.55 am
Buy Larsen and Toubro; target of Rs 2795: ICICI Direct,Moneycontrol.com,2023-02-01,ICICI Direct is bullish on Larsen and Toubro recommended buy rating on the stock with a target price of Rs 2795 in its research report dated January 3...,11.13 am
"Larsen Consolidated December 2022 Net Sales at Rs 46,389.72 crore, up 17.26% Y-o-Y",Moneycontrol.com,2023-01-30,NULL...,11.11 pm
"Larsen Standalone December 2022 Net Sales at Rs 27,785.41 crore, up 28.93% Y-o-Y",Moneycontrol.com,2023-01-30,NULL...,10.44 pm
"L&T Q3 result: Net profit rises 24% to Rs 2,553 crore, beats expectations",Moneycontrol.com,2023-01-30,L&T Q3 result: Improved execution of infrastructure projects and growth in information technology and technology services portfolio gave a boost to nu...,4.11 pm
Larsen and Toubro bags EPC orders,PTI,2023-06-06,"""The buildings and factories (B&F) business of L&T Construction has recently secured engineering, procurement, and construction (EPC) orders in India,...",1.12 pm
L&T's construction arm bags multiple EPC orders in domestic market,PTI,2023-05-17,The buildings & factories (B&F) business of its arm Larsen & Toubro (L&T) Construction has won an order from a developer to construct residential towe...,12.57 pm
"L&T second-biggest loser on Nifty50, cracks 5% as weak margin dampens mood",Moneycontrol.com,2023-05-11,"Goldman Sachs said weak margin remains an area of disappointment. A weak margin offset an otherwise strong outlook by L&T, the brokerage firm added....",10.30 am
"L&T takes a beating as IT contagion sinks LTIMindtree, L&T Tech Services",Moneycontrol.com,2023-04-17,"L&T holds 68.7 percent in LTIMindtree and 73.85 percent in L&T Tech Services. Both stocks were under selling pressure, down almost 8 percent...",12.24 pm
Jefferies maintains buy rating on L&T; increases target price by 22%,Moneycontrol.com,2023-04-06,"Jefferies India has affirmed a ""buy"" rating on Larsen & Toubro Ltd, a leading engineering company in India. The investment bank has raised its target ...",10.25 am
"Larsen & Toubro bags multiple contracts worth over Rs 7,000 crore in Middle East",PTI,2023-04-05,"The scope of work comprises engineering, procurement, construction and installation for various new offshore facilities and integration with existing ...",12.23 pm
L&T shares jump 2.5% on wining 'mega order' for hydrocarbon business,Moneycontrol.com,2023-04-05,Shares of Larsen & Toubro Ltd gained nearly 2.5 percent on Wednesday after the company said in a notice to exchanges that it got a mega order for its ...,11.13 am
Larsen & Toubro bags multiple EPC projects in domestic market,PTI,2023-03-31,L&T in a statement said that its power transmission & distribution (PT&D) business has secured multiple significant domestic EPC (engineering procurem...,12.41 pm
L&T gains on pact with France-based McPhy Energy for opportunities in green hydrogen space,Moneycontrol.com,2023-03-23,"The pact with McPhy Energy is for a long-term partnership to explore the opportunities unfolding in the emerging Green Hydrogen market, L&T said....",9.45 am
L&T stock gains on bagging major orders for Hydrocarbon business,Moneycontrol.com,2023-03-21,Larsen & Toubro (L&T) bagged major offshore orders from a prestigious overseas client for its hydrocarbon business....,11.57 am
"L&T tops buying list in Nifty50, trades beyond consolidation range",Moneycontrol.com,2023-02-17,"Since June last year, overall, L&T share price has been making higher high higher low formation on the broader perspective and rallied more than 55 pe...",2.29 pm
"L&T tops buying list in Nifty50, trades beyond consolidation range",Moneycontrol.com,2023-02-17,"Since June last year, overall, L&T share price has been making higher high higher low formation on the broader perspective and rallied more than 55 pe...",2.29 pm
Buy Larsen and Toubro; target of Rs 2481: Prabhudas Lilladher,Moneycontrol.com,2023-02-01,Prabhudas Lilladher is bullish on Larsen and Toubro has recommended buy rating on the stock with a target price of Rs 2481 in its research report date...,1.23 pm
L&T beats estimates with 24% surge in Q3 net: What should you do with the stock now?,Moneycontrol.com,2023-01-31,"L&T Q3: Revenue from operations zoomed to Rs 46,390 crore, 17 percent higher from the corresponding quarter of the previous financial year....",9.10 am
"Trade Spotlight | What should you do with Larsen & Toubro, IIFL Finance, Brigade Enterprises on Wednesday?",Moneycontrol.com,2023-01-18,"IIFL Finance has made long bullish candlestick pattern on the daily charts with strong volumes, making higher high for fourth consecutive session. It ...",6.48 am
"Trade Spotlight | What should you do with Larsen & Toubro, IIFL Finance, Brigade Enterprises on Wednesday?",Moneycontrol.com,2023-01-18,"IIFL Finance has made long bullish candlestick pattern on the daily charts with strong volumes, making higher high for fourth consecutive session. It ...",6.48 am
L&T signs pact with Norway-based firm to develop floating green ammonia projects,PTI,2023-01-13,"Under this Memorandum of Understanding (MoU), L&T will become a partner for engineering, procurement, construction, installation and commissioning of ...",2.59 pm
L&T signs pact with Norway-based firm to develop floating green ammonia projects,PTI,2023-01-13,"Under this Memorandum of Understanding (MoU), L&T will become a partner for engineering, procurement, construction, installation and commissioning of ...",2.59 pm
Buy Larsen and Toubro; target of Rs 2390: Sharekhan,Moneycontrol.com,2022-11-29,Sharekhan is bullish on Larsen and Toubro has recommended buy rating on the stock with a target price of Rs 2390 in its research report dated November...,11.02 am
Buy Larsen and Toubro; target of Rs 2355: ICICI Direct,Moneycontrol.com,2022-11-02,ICICI Direct is bullish on Larsen and Toubro recommended buy rating on the stock with a target price of Rs 2355 in its research report dated November ...,6.22 pm
Buy Larsen and Toubro; target of Rs 2384: Prabhudas Lilladher,Moneycontrol.com,2022-11-01,Prabhudas Lilladher is bullish on Larsen and Toubro has recommended buy rating on the stock with a target price of Rs 2384 in its research report date...,8.49 pm
Buy Larsen and Toubro; target of Rs 2390: Sharekhan,Moneycontrol.com,2022-11-01,Sharekhan is bullish on Larsen and Toubro has recommended buy rating on the stock with a target price of Rs 2390 in its research report dated October ...,8.46 pm
"Larsen Consolidated September 2022 Net Sales at Rs 42,762.61 crore, up 22.98% Y-o-Y",Moneycontrol.com,2022-11-01,NULL...,9.44 am
"Larsen Standalone September 2022 Net Sales at Rs 25,769.75 crore, up 51.04% Y-o-Y",Moneycontrol.com,2022-11-01,NULL...,9.33 am
Larsen & Toubro: Second half could be even better; stock has more fuel to climb,Moneycontrol.com,2022-11-01,"With soft commodity prices, L&T earnings set to get better over the next few quarters...",9.26 am
Larsen & Toubro: Second half could be even better; stock has more fuel to climb,Moneycontrol.com,2022-11-01,"With soft commodity prices, L&T earnings set to get better over the next few quarters...",9.26 am
"L&T Q2 Results: Profit jumps 22.5% to Rs 2,229 crore, revenue up 23% on execution tailwinds",Moneycontrol.com,2022-10-31,"L&T won orders worth Rs 51,914 crore at the group level during the July-September period, logging a 23 percent growth over the corresponding quarter o...",5.08 pm
"Larsen and Toubro Q2 PAT may dip 0.9% YoY to Rs. 2,211.8 cr: Yes Securities",Moneycontrol.com,2022-10-14,"Net Sales are expected to increase by 5.7 percent Y-o-Y (up 2.5 percent Q-o-Q) to Rs. 3,676.2 crore, according to Yes Securities....",10.38 am
"Larsen and Toubro Q2 PAT seen up 31.4% YoY to Rs. 2,299.8 cr: Prabhudas Lilladher",Moneycontrol.com,2022-10-11,"Net Sales are expected to increase by 17.1 percent Y-o-Y (up 13.6 percent Q-o-Q) to Rs. 40,714.3 crore, according to Prabhudas Lilladher....",12.47 pm
Buy Larsen and Toubro; target of Rs 2175: ICICI Direct,Moneycontrol.com,2022-07-29,ICICI Direct is bullish on Larsen and Toubro has recommended buy rating on the stock with a target price of Rs 2175 in its research report dated July ...,7.00 pm
Buy Larsen and Toubro; target of Rs 2075: Sharekhan,Moneycontrol.com,2022-07-28,"Sharekhan is bullish on Larsen and Toubro has recommended buy rating on the stock with a target price of Rs 2075 in its research report dated July 26,...",8.42 pm
Buy Larsen and Toubro; target of Rs 2030: Prabhudas Lilladher,Moneycontrol.com,2022-07-28,Prabhudas Lilladher is bullish on Larsen and Toubro has recommended buy rating on the stock with a target price of Rs 2030 in its research report date...,8.14 pm
Buy Larsen and Toubro; target of Rs 1960: Emkay Global Financial,Moneycontrol.com,2022-07-28,Emkay Global Financial is bullish on Larsen and Toubro has recommended buy rating on the stock with a target price of Rs 1960 in its research report d...,7.16 pm
"Larsen Standalone June 2022 Net Sales at Rs 20,211.69 crore, up 54.18% Y-o-Y",Moneycontrol.com,2022-07-26,NULL...,11.00 pm
"Larsen Consolidated June 2022 Net Sales at Rs 35,853.20 crore, up 22.22% Y-o-Y",Moneycontrol.com,2022-07-26,NULL...,11.00 pm
L&T Results | Consolidated profit jumps XX% as revenue grows XX%,Moneycontrol.com,2022-07-26,Year on year growth was aided by improvement in core EPC revenues driven by improved construction activity and strong execution across projects....,1.58 pm
L&T Results Preview | Profit may grow 55% in Q1 on lower commodity prices,Moneycontrol.com,2022-07-25,"The softening of commodity prices, especially steel helped maintain the margins on a yearly basis, and strong execution across projects aided growth i...",2.20 pm
Buy Larsen and Toubro; target of Rs 1972: Anand Rathi,Moneycontrol.com,2022-05-16,Anand Rathi is bullish on Larsen and Toubro has recommended buy rating on the stock with a target price of Rs 1972 in its research report dated May 16...,6.54 pm
Buy Larsen and Toubro; target of Rs 1930: ICICI Direct,Moneycontrol.com,2022-05-14,ICICI Direct is bullish on Larsen and Toubro has recommended buy rating on the stock with a target price of Rs 1930 in its research report dated May 1...,1.53 pm
Buy Larsen and Toubro; target of Rs 2091: Prabhudas Lilladher,Moneycontrol.com,2022-05-14,Prabhudas Lilladher is bullish on Larsen and Toubro has recommended buy rating on the stock with a target price of Rs 2091 in its research report date...,1.16 pm
Buy Larsen and Toubro; target of Rs 2091: Prabhudas Lilladher,Moneycontrol.com,2022-05-14,Prabhudas Lilladher is bullish on Larsen and Toubro has recommended buy rating on the stock with a target price of Rs 2091 in its research report date...,1.16 pm
L&T bags order from Rajasthan govt,PTI,2022-05-13,"According to L&T’s project classification, the value of the order falls between Rs 1,000-2,500 crore....",2.28 pm
L&T: Outlook remains positive despite concerns,Moneycontrol.com,2022-05-13,Valuations turn attractive post correction...,12.12 pm
L&T: Outlook remains positive despite concerns,Moneycontrol.com,2022-05-13,Valuations turn attractive post correction...,12.12 pm
"Larsen Standalone March 2022 Net Sales at Rs 37,439.22 crore, up 25.83% Y-o-Y",Moneycontrol.com,2022-05-13,NULL...,12.08 pm
"Larsen Consolidated March 2022 Net Sales at Rs 52,850.67 crore, up 9.9% Y-o-Y",Moneycontrol.com,2022-05-13,NULL...,11.40 am
"L&T Q4 consolidated PAT rises 10% YoY to Rs 3,621 crore, revenue grows 10%",Moneycontrol.com,2022-05-12,"The infrastructure giant's consolidated revenue from operations rose 10 percent on-year to Rs 52,851 crore for the reported quarter, missing analy...",4.55 pm
Larsen & Toubro bags order from Jharkhand government,PTI,2022-05-09,"The project envisages to provide water to irrigate 22,283 hectare of Culturable Command Area (CCA) in Dumka district of Jharkhand by way of pumping wa...",2.01 pm
"Larsen weighs merging tech arms into a $22 billion firm, sources say",Bloomberg,2022-04-18,"The boards of Mindtree Ltd. and Larsen & Toubro Infotech Ltd., two software units controlled by the Mumbai-based engineering firm, could consider shar...",1.59 pm
"Larsen and Tourbo Q4 PAT seen up 20.4% YoY to Rs. 2,971 cr: ICICI Direct",Moneycontrol.com,2022-04-14,"Net Sales are expected to increase by 10.9 percent Y-o-Y (up 53.1 percent Q-o-Q) to Rs. 32,988.3 crore, according to ICICI Direct....",12.50 pm
L&T's transportation infrastructure business bags 'significant' contracts,PTI,2022-04-05,"The company did not provide the value of the contracts, but said the orders fall under the ""significant"" category, which ranges between Rs 1,000 crore...",1.27 pm
L&T appoints ex-Citi India head Pramit Jhaveri as director,PTI,2022-03-31,The board also approved the appointment of Pramit Jhaveri as an independent director of the company for a period of five years with effect from April ...,3.17 pm
Flight control system integration facility for DRDO built in 45 days: L&T,PTI,2022-03-28,"""The buildings business of Larsen & Toubro has set a record by constructing the 7-storey, state-of-the-art Flight Control System (FCS) integration fac...",7.17 pm
Larsen & Toubro's construction arm bags 'significant' order in Bangladesh,PTI,2022-02-09,The project is being funded by the Indian EXIM Bank and is the first IT and office space order that L&T has secured in Bangladesh....,3.21 pm
"L&T, Microsoft sign pact to develop regulated sector-focused cloud offering",PTI,2022-02-07,"In line with emerging regulations, L&T and Microsoft will co-engage with a defined set of large customers in regulated sectors to develop architecture...",2.29 pm
Buy Larsen and Toubro; target of Rs 2382: Prabhudas Lilladher,Moneycontrol.com,2022-02-02,Prabhudas Lilladher is bullish on Larsen and Toubro has recommended buy rating on the stock with a target price of Rs 2382 in its research report date...,9.21 pm
Buy Larsen and Toubro; target of Rs 2165: Motilal Oswal,Moneycontrol.com,2022-02-01,Motilal Oswal is bullish on Larsen and Toubro recommended buy rating on the stock with a target price of Rs 2165 in its research report dated January ...,9.51 pm
"Larsen Standalone December 2021 Net Sales at Rs 21,551.54 crore, up 9.85% Y-o-Y",Moneycontrol.com,2022-02-01,NULL...,11.32 am
"Larsen Standalone December 2021 Net Sales at Rs 21,551.54 crore, up 9.85% Y-o-Y",Moneycontrol.com,2022-02-01,NULL...,9.22 am
"Larsen Standalone December 2021 Net Sales at Rs 21,551.54 crore, up 9.85% Y-o-Y",Moneycontrol.com,2022-02-01,NULL...,9.22 am
"Larsen Standalone December 2021 Net Sales at Rs 21,551.54 crore, up 9.85% Y-o-Y",Moneycontrol.com,2022-02-01,NULL...,9.00 am
"Larsen Consolidated December 2021 Net Sales at Rs 39,562.92 crore, up 11.14% Y-o-Y",Moneycontrol.com,2022-01-31,NULL...,10.52 am
"L&T Q3 result | Consolidated PAT falls 17% YoY to Rs 2,055 crore, misses estimate",Moneycontrol.com,2022-01-28,"The company, however, reported an 11 percent on-year growth in consolidated revenues to Rs 39,563 crore during the quarter...",4.29 pm
L&T bags 'large' offshore contract from ONGC,PTI,2022-01-28,"This contract, awarded through international competitive bidding, reposes ONGC’s confidence in L&T Hydrocarbon Engineering (LTHE) capabilities and c...",12.58 pm
L&T Q3 Preview | Consolidated PAT to decline over 3% despite 11.5% rise in sales,Moneycontrol.com,2022-01-28,"The company is likely to report an 11.5 percent year-on-year growth in consolidated revenues to Rs 39,687 crore for the December quarter...",7.17 am
"LTI, IIT Madras collaborate to innovate in 5G space",PTI,2022-01-27,"New Delhi, Jan 27  Larsen and Toubro Infotech (LTI) on Thursday said it has partnered with IIT Madras for collaborative research in the field of 5G. ....",1.00 pm
"Larsen and Toubro Q3 PAT seen up 5.8% YoY to Rs. 1,803 cr: ICICI Direct",Moneycontrol.com,2022-01-12,"Net Sales are expected to increase by 10 percent Y-o-Y (up 26.5 percent Q-o-Q) to Rs. 21,588.4 crore, according to ICICI Direct....",12.18 pm
Buy Larsen and Toubro; target of Rs 110: Motilal Oswal,Moneycontrol.com,2021-12-24,Motilal Oswal is bullish on Larsen and Toubro recommended buy rating on the stock with a target price of Rs 110 in its research report dated December ...,1.02 pm
Buy Larsen and Toubro; target of Rs 2320: Emkay Global Financial,Moneycontrol.com,2021-12-24,Emkay Global Financial is bullish on Larsen and Toubro has recommended buy rating on the stock with a target price of Rs 2320 in its research report d...,12.53 pm
Buy Larsen and Toubro; target of Rs 2320: Emkay Global Financial,Moneycontrol.com,2021-12-24,Emkay Global Financial is bullish on Larsen and Toubro has recommended buy rating on the stock with a target price of Rs 2320 in its research report d...,12.53 pm
"L&T power transmission, distribution business bags slew of orders in India, overseas",PTI,2021-12-16,"An order has been secured to provide dynamic reactive power compensator system at a substation in Abu Dhabi, L&T said in a statement....",2.34 pm
"L&T power transmission, distribution business bags slew of orders in India, overseas",PTI,2021-12-16,"An order has been secured to provide dynamic reactive power compensator system at a substation in Abu Dhabi, L&T said in a statement....",2.34 pm
L&T's construction arm bags 'large' order from Uttar Pradesh State Water & Sanitation Mission,PTI,2021-12-15,"The business has been entrusted to implement rural water supply projects catering to the potable water requirement of 1,900 villages in the Prayagraj ...",2.08 pm
"L&T Construction bags large order for buildings, factories business",PTI,2021-12-14,"The duration of the engineering, procurement, and construction (EPC) project is 30 months, the company said in a statement....",5.08 pm
"L&T Construction bags large order for buildings, factories business",PTI,2021-12-14,"The duration of the engineering, procurement, and construction (EPC) project is 30 months, the company said in a statement....",5.08 pm
"L&T Construction bags large order for buildings, factories business",PTI,2021-12-14,"The duration of the engineering, procurement, and construction (EPC) project is 30 months, the company said in a statement....",5.08 pm
L&T signs pact with Tamil Nadu govt to build data centre at Kanchipuram,PTI,2021-11-24,"The company envisages to employ around 1,100 people — 600 direct and 500 indirect — in the project. L&T will establish 90 MW capacity data centres...",11.54 am
L&T signs pact with Tamil Nadu govt to build data centre at Kanchipuram,PTI,2021-11-24,"The company envisages to employ around 1,100 people — 600 direct and 500 indirect — in the project. L&T will establish 90 MW capacity data centres...",11.54 am
L&T's construction arm bags 'large' order from CPWD,PTI,2021-10-28,"The scope of work also involves demolition, civil works, finishes, external development, furniture, related MEP works and operation and maintenance fo...",2.57 pm
L&T's construction arm bags 'large' order from CPWD,PTI,2021-10-28,"The scope of work also involves demolition, civil works, finishes, external development, furniture, related MEP works and operation and maintenance fo...",2.57 pm
Buy Larsen and Toubro; target of Rs 2175: Motilal Oswal,Moneycontrol.com,2021-10-28,Motilal Oswal is bullish on Larsen and Toubro recommended buy rating on the stock with a target price of Rs 2175 in its research report dated October ...,12.24 pm
Buy Larsen and Toubro; target of Rs 2175: Motilal Oswal,Moneycontrol.com,2021-10-28,Motilal Oswal is bullish on Larsen and Toubro recommended buy rating on the stock with a target price of Rs 2175 in its research report dated October ...,12.24 pm
"Larsen Standalone September 2021 Net Sales at Rs 17,061.00 crore, up 8.04% Y-o-Y",Moneycontrol.com,2021-10-28,NULL...,11.11 am
"Larsen Consolidated September 2021 Net Sales at Rs 34,772.90 crore, up 12.05% Y-o-Y",Moneycontrol.com,2021-10-28,NULL...,11.11 am
"Larsen Consolidated September 2021 Net Sales at Rs 34,772.90 crore, up 12.05% Y-o-Y",Moneycontrol.com,2021-10-28,NULL...,11.11 am
"L&T Q2 results | Adjusted profit grows 56% to Rs 1,723 crore, order inflow up 50%",Moneycontrol.com,2021-10-27,"The reported profit for the quarter at Rs 1,819.45 crore was 67 percent lower from Rs 5,520.27 crore in the year-ago period...",5.41 pm
"L&T Q2 Preview | Adjusted profit may grow around 50%, commentary on execution & order inflows key to monitor",Moneycontrol.com,2021-10-27,"The core EPC (engineering, procurement and construction) business is likely to be supported by pick up in execution and labour availability....",8.33 am
"L&T Q2 Preview | Adjusted profit may grow around 50%, commentary on execution & order inflows key to monitor",Moneycontrol.com,2021-10-27,"The core EPC (engineering, procurement and construction) business is likely to be supported by pick up in execution and labour availability....",8.33 am
Central Vista: L&T lowest bidder for construction of 3 buildings of Common Central Secretariat,PTI,2021-10-19,"According to the Central Public Works Department’s bid documents, Larsen & Toubro Limited quoted around Rs 3,141 crore, which is 3.47 per cent less ...",8.19 am
Vodafone Idea teams up with Larsen & Toubro for trials of 5G-based smart city solutions,PTI,2021-10-18,"Announcing the collaboration in a joint statement, the companies said the pilot project would be set up in Pune on government-allocated 5G spectrum to...",2.20 pm
Sabyasachi Das appointed as CEO of L&T EduTech,PTI,2021-10-16,"Sabyasachi Das will lead the venture that will provide an industry-led, application-based, robust learning platform for students and aspiring professi...",2.14 pm
L&T Construction bags 'significant' orders for various businesses,PTI,2021-10-12,"The company did not provide the value of the contracts, but said the orders fall under the significant category, which ranges between Rs 1,000 crore a...",12.30 pm
L&T Construction bags 'significant' orders for various businesses,PTI,2021-10-12,"The company did not provide the value of the contracts, but said the orders fall under the significant category, which ranges between Rs 1,000 crore a...",12.30 pm
Larsen & Toubro to participate in Dubai Expo 2020,PTI,2021-09-29,"L&T plans to demonstrate its capabilities particularly in the hydrocarbon engineering, water effluent treatment and power transmission and distributio...",3.20 pm
L&T commissions expansion project of Utkal alumina refinery,PTI,2021-09-22,"The plant is located at a remote location at Kucheipadar, near Tikiri in Odisha’s Rayagada district....",2.22 pm
L&T Hydrocarbon Engineering bags 'significant' orders,PTI,2021-09-21,"The company did not provide the value of the contracts, but said the orders fall under the 'significant' category, which ranges between Rs 1,0...",12.05 pm
L&T Construction bags order for water effluent treatment business,PTI,2021-09-07,The business was entrusted to implement rural water supply projects to provide potable water to 800 villages....,11.54 am
L&T concludes divestment of entire stake in 99 MW hydro plant at Uttarakhand to ReNew Power,PTI,2021-08-31,The stake sale was completed following the completion of customary conditions precedent agreed under the Securities Purchase Agreement dated August 11...,1.16 pm
Buy Larsen and Toubro; target of Rs 1950: Motilal Oswal,Moneycontrol.com,2021-08-30,Motilal Oswal is bullish on Larsen and Toubro recommended buy rating on the stock with a target price of Rs 1950 in its research report dated August 2...,5.13 pm
L&T Construction bags 'significant' contracts for its various businesses,PTI,2021-08-30,"The company did not provide the value of the contracts, but said the orders fall under the ""significant"" category, which ranges between Rs 1,000 crore...",2.05 pm
"Hot Stocks | 'Can bet on L&T, Amara Raja Batteries for short term'",Moneycontrol.com,2021-08-16,"There is no sign of weakness but we reiterate when things start to look hunky-dory everywhere, wise traders choose to take some money off the table, s...",7.10 am
L&T arm bags oxidation reactor order from Technip Energies,PTI,2021-08-13,The order for the technologically critical titanium-clad reactor is for a public sector petrochemical project for the purified terephthalic acid plant...,12.39 pm
L&T divests 100% stake in hydro project to Renew Power for Rs 985 crore,PTI,2021-08-11,Renew Power Services is a wholly-owned subsidiary of Renew Power Pvt Ltd. This is in line with the declared L&T focus of divesting non-core assets and...,3.08 pm
"L&T gets shareholders' nod to raise up to Rs 4,500 crore",PTI,2021-08-06,A special resolution for raising the funds was approved with requisite majority....,10.09 pm
Buy Larsen & Toubro; target of Rs 1870: ICICI Direct,Moneycontrol.com,2021-07-29,ICICI Direct is bullish on Larsen & Toubro has recommended buy rating on the stock with a target price of Rs 1870 in its research report dated Jul...,2.08 pm
Buy Larsen and Toubro; target of Rs 1835: Motilal Oswal,Moneycontrol.com,2021-07-27,"Motilal Oswal is bullish on Larsen and Toubro recommended buy rating on the stock with a target price of Rs 1835 in its research report dated July 27,...",2.46 pm
Buy Larsen and Toubro: target of Rs 1900: Sharekhan,Moneycontrol.com,2021-07-27,"Sharekhan is bullish on Larsen and Toubro has recommended buy rating on the stock with a target price of Rs 1900 in its research report dated July 26,...",11.57 am
"Larsen Consolidated June 2021 Net Sales at Rs 29,334.73 crore, up 37.98% Y-o-Y",Moneycontrol.com,2021-07-26,NULL...,11.00 pm
"Larsen Standalone June 2021 Net Sales at Rs 13,109.00 crore, up 60.85% Y-o-Y",Moneycontrol.com,2021-07-26,NULL...,11.00 pm
"L&T construction arm bags orders in overseas, domestic market",PTI,2021-07-19,"The company did not provide the value of the contracts, but said the orders fall under the ""significant"" category, which ranges between Rs 1,000 crore...",11.51 am
Larsen and Toubro Q1 PAT seen up 114.5% YoY to Rs. 604 cr: ICICI Direct,Moneycontrol.com,2021-07-13,"Net Sales are expected to increase by 46.1 percent Y-o-Y (down 60 percent Q-o-Q) to Rs. 11,904.4 crore, according to ICICI Direct....",1.34 pm
Buy Larsen and Toubro: target of Rs 1760: ICICI Securities,Moneycontrol.com,2021-07-01,ICICI Securities is bullish on Larsen and Toubro recommended buy rating on the stock with a target price of Rs 1760 in its research report dated June ...,2.52 pm
"L&T to offer quarantine facilities to about 2.5 lakh contract labourers, 45,000 employees",PTI,2021-05-30,Quarantine facilities have been made available from Eastern to Southern India while tie-ups with 144 hospitals have been made to provide medical care ...,2.26 pm
Shareholder returns in sweet spot as L&T reins in balance sheet woes,Moneycontrol.com,2021-05-19,The company reined in its working capital to 22.3 percent of sales in FY21 from 23.7 percent in FY20....,10.26 am
"Larsen Consolidated March 2021 Net Sales at Rs 48,087.90 crore, up 8.68% Y-o-Y",Moneycontrol.com,2021-05-14,NULL...,8.11 pm
"Larsen Standalone March 2021 Net Sales at Rs 29,754.11 crore, up 9.18% Y-o-Y",Moneycontrol.com,2021-05-14,NULL...,8.00 pm
"L&T Q4 result: Profit rises 3% to Rs 3,293 crore, order inflow drops 12% to Rs 50,651 crore",Moneycontrol.com,2021-05-14,"The consolidated order book of the L&T group stood at Rs 3,27,354 crore as of March 2021, a robust growth of 8 percent over March 2020....",6.17 pm
"L&T completes 75 years of construction, mining machinery business",PTI,2021-04-19,"The business has supplied over 60,000 units of various equipment in the country during its 75 years association with the construction and mining indus...",6.16 pm
"Larsen & Toubro Q4 PAT seen up 27.5% YoY to Rs 3,907.8 cr: YES Securities",Moneycontrol.com,2021-04-16,"Net Sales are expected to increase by 4.5 percent Y-o-Y (up 29.9 percent Q-o-Q) to Rs 46,237.6 crore, according to YES Securities....",6.21 pm
L&T bags orders across business segments in domestic market,PTI,2021-03-16,"The company did not provide the value of the contracts but said the orders fall under the ""significant"" category, which ranges between Rs 1,000 crore ...",11.29 am
L&T recruits 22% women at trainee level across major businesses in 2020,PTI,2021-03-14,"Figures shared by L&T, suggest a rise in the intake of women at the level of graduate engineer trainees (GETs), and post graduate engineer trainees (P...",1.01 pm
"Hot Stocks | ELGI Equipments, Gujarat Fluorochemicals, L&T can give up to 10% return in short term",Moneycontrol.com,2021-03-09,"Immediate support for the Nifty is placed around 14,800. Any close below this level would mean that correction could accelerate and Nifty may slide to...",7.10 am
Larsen & Toubro wins 'large' contracts in power transmission segment,PTI,2021-02-22,"Though the company did not specify the exact value of the contracts, as per its specification a large contract ranges between Rs 2,500 crore and Rs 5,...",2.17 pm
L&T Construction bags contract to build 2 units of Kudankulam Nuclear Power Project,PTI,2021-02-18,"""The construction arm of L&T has secured a significant order in the nuclear sector from Nuclear Power Corporation of India Ltd (NPCIL) for its heavy c...",10.43 am
Buy Larsen and Toubro; target of Rs 1584: YES Securities,Moneycontrol.com,2021-02-02,YES Securities is bullish on Larsen and Toubro has recommended buy rating on the stock with a target price of Rs 1584 in its research report dated Jan...,3.34 pm
Buy Larsen and Toubro target of Rs 1550: Sharekhan,Moneycontrol.com,2021-02-01,Sharekhan is bullish on Larsen and Toubro has recommended buy rating on the stock with a target price of Rs 1550 in its research report dated January ...,6.39 pm
"Budget 2021: Higher spends on infra, capex to help revive capital goods sector",Moneycontrol.com,2021-02-01,Capital goods companies believe that the cascading effect of the government spending on capex and infrastructure will boost their order book and help ...,3.44 pm
"L&T bags an up to Rs 2,500 crore contract for Mumbai Ahmedabad bullet train",PTI,2021-01-29,"""The heavy civil infrastructure business of L&T Construction has secured a significant contract from two packages of the Mumbai-Ahmedabad High Speed R...",11.15 am
Buy Larsen and Toubro; target of Rs 1640: ICICI Direct,Moneycontrol.com,2021-01-28,ICICI Direct is bullish on Larsen and Toubro has recommended buy rating on the stock with a target price of Rs 1640 in its research report dated Janua...,5.00 pm
Buy Larsen and Toubro; target of Rs 1526: Prabhudas Lilladher,Moneycontrol.com,2021-01-28,Prabhudas Lilladher is bullish on Larsen and Toubro has recommended buy rating on the stock with a target price of Rs 1526 in its research report date...,4.40 pm
"Budget 2021 | Govt likely to increase allocation for infra projects; L&T, KNR Constructions, Sadbhav Engineering to benefit",Moneycontrol.com,2021-01-28,There are expectations that railways will get higher allocation as the COVID-19 pandemic dealt a severe blow to the sector's revenue in the curren...,10.47 am
Buy Larsen and Toubro; target of Rs 1680: Dolat Capital Market,Moneycontrol.com,2021-01-27,Dolat Capital Market is bullish on Larsen and Toubro has recommended buy rating on the stock with a target price of Rs 1680 in its research report dat...,3.04 pm
"Larsen & Toubro Q3 profits up 4.9%, here are highlights of analyst call",Moneycontrol.com,2021-01-27,"Larsen & Toubro reported a 4.9 percent year-on-year growth in Q3 FY21 consolidated profit at Rs 2,467 crore, with receiving highest ever orders in a q...",2.50 pm
"Larsen Standalone December 2020 Net Sales at Rs 19,619.81 crore, down 1.34% Y-o-Y",Moneycontrol.com,2021-01-27,NULL...,9.33 am
"Larsen Consolidated December 2020 Net Sales at Rs 35,596.42 crore, down 1.78% Y-o-Y",Moneycontrol.com,2021-01-27,NULL...,9.33 am
"L&T Q3 profit rises 5% to Rs 2,467 crore, bags highest ever orders in a quarter",Moneycontrol.com,2021-01-25,"The consolidated order book of the Group stood at a record Rs 3,31,061 crore as of December 2020, registering a robust growth of 9 percent over the Ma...",5.27 pm
"L&T Q3 preview: Profit may see double-digit decline, but core EPC could drive revenue growth",Moneycontrol.com,2021-01-25,"Narnolia Financial Services expects order inflow of around Rs 62,000 crore for Q3FY21 mainly driven by Infrastructure....",8.30 am
"Larsen and Toubro Q3 PAT may dip 2% YoY to Rs. 2,118 cr: Yash Securities",Moneycontrol.com,2021-01-22,"Net Sales are expected to increase by 3.7 percent Y-o-Y (up 21.1 percent Q-o-Q) to Rs. 37,595.1 crore, according to Yash Securities....",12.44 pm
"L&T construction arm bags orders worth up to Rs 5,000 crore in Bangladesh",PTI,2021-01-20,"The power transmission and distribution business of Larsen & Toubro has won a slew of transmission line orders in Bangladesh, the company said in a re...",11.47 am
"L&T bags up to Rs 5,000 crore order from Rail Vikas Nigam in Uttarakhand",PTI,2021-01-18,"The scope of the project includes construction of tunnels, formation, construction shaft, and other ancillary works between Rishikesh and Karanprayag,...",11.29 am
"Larsen and Toubro Q3 PAT seen up 19.2% YoY to Rs. 1,260.6 cr: ICICI Direct",Moneycontrol.com,2021-01-14,"Net Sales are expected to increase by 0.5 percent Y-o-Y (up 26.6 percent Q-o-Q) to Rs. 19,984.8 crore, according to ICICI Direct....",8.22 pm
"Larsen & Toubro receives multiple orders in domestic, overseas market",PTI,2021-01-13,"The company did not provide the value of the contracts but said the orders fall under the ""significant"" category, which ranges between Rs 1,000 crore ...",12.23 pm
"I-T department surveying L&T, Zee Group",Moneycontrol.com,2021-01-04,The Income Tax Department initiated the survey of Larsen & Toubro and Zee Group after receiving information from the GST department....,1.46 pm
Larsen & Toubro wins significant contracts,PTI,2021-01-01,"L&T is an Indian multinational engaged in engineering, procurement and construction projects, manufacturing, defence, and services with over $21 b...",5.08 pm
"L&T's construction arm bags 'significant' orders in overseas, domestic market",PTI,2020-12-31,"The company did not provide the value of the contracts, but said the orders fall under the ''significant'' category, which ranges betw...",11.37 am
Larsen & Toubro opens digitally-enabled Corporate Experience Centre 'Planet L&T',PTI,2020-12-30,"It said robots ''Elle'' and ''Tee'' navigate Planet L&T visitors, symbolising L&T''s thrust on state-of-the-ar...",2.47 pm
Buy Larsen and Toubro: target of Rs 1550: Sharekhan,Moneycontrol.com,2020-12-21,Sharekhan is bullish on Larsen and Toubro has recommended buy rating on the stock with a target price of Rs 1550 in its research report dated December...,3.14 pm
"L&T's construction arm emerges as lowest bidder for NPCIL's Kudankulam 5,6 main plant construction",Moneycontrol.com,2020-12-11,"Work includes construction of reactor building, reactor auxiliary building, turbine building and other associated safety related structures for the tw...",2.21 pm
L&T bags orders for supply of 90 units of Komatsu Mining Equipment,PTI,2020-12-07,"The company, however, did not disclose the value of the orders received....",1.53 pm
L&T bags contract to construct country's longest river bridge,PTI,2020-11-25,"The contract was bagged by the company's subsidiary L&T Construction. As per the company, a large contract is worth Rs 2,500-5,000 crore....",2.59 pm
"L&T bags over Rs 7,000 crore order to construct part of Mumbai-Ahmedabad bullet train project",PTI,2020-11-19,"The approximately 508 km Mumbai-Ahmedabad High-Speed Rail project will cover Maharashtra, Union Territory of Dadra and Nagar Haveli and Gujarat, with ...",11.59 am
L&T emerges as lowest bidder to construct India's longest road bridge over a river,Moneycontrol.com,2020-11-11,"L&T's bid of Rs 3,166 crore was around Rs 1,000 crore lower than SP Singla Constructions....",1.59 pm
Buy Larsen and Toubro; target of Rs 1260: HDFC Securities,Moneycontrol.com,2020-11-04,HDFC Securities is bullish on Larsen and Toubro has recommended buy rating on the stock with a target price of Rs 1260 in its research report dated Oc...,8.55 pm
Buy Larsen and Toubro; target of Rs 1311: Anand Rathi,Moneycontrol.com,2020-11-04,Anand Rathi is bullish on Larsen and Toubro has recommended buy rating on the stock with a target price of Rs 1311 in its research report dated Octobe...,8.53 pm
Hold Larsen and Toubro; target of Rs 1045: ICICI Direct,Moneycontrol.com,2020-11-04,"ICICI Direct recommended hold rating on Larsen and Toubro with a target price of Rs 1045 in its research report dated October 30, 2020....",12.57 pm
Accumulate Larsen and Toubro; target of Rs 1284: Prabhudas Lilladher,Moneycontrol.com,2020-11-03,"Prabhudas Lilladher recommended accumulate rating on Larsen and Toubro with a target price of Rs 1284 in its research report dated October 29, 2020....",4.32 pm
Buy Larsen and Toubro; target of Rs 1250: Dolat Capital Market,Moneycontrol.com,2020-11-03,Dolat Capital Market is bullish on Larsen and Toubro has recommended buy rating on the stock with a target price of Rs 1250 in its research report dat...,1.39 pm
Exclusive | Bullet train project: L&T emerges as lowest bidder for another stretch in Gujarat,Moneycontrol.com,2020-11-02,L&T had earlier emerged as the lowest bidder for constructing the largest segment of the high-speed rail line between Mumbai and Ahmedabad...,6.44 pm
"Larsen Consolidated September 2020 Net Sales at Rs 31,034.74 crore, down 12.15% Y-o-Y",Moneycontrol.com,2020-11-02,NULL...,6.33 pm
"Larsen Standalone September 2020 Net Sales at Rs 15,791.68 crore, down 15.79% Y-o-Y",Moneycontrol.com,2020-11-02,NULL...,6.33 pm
"L&T in talks with SBI, Telangana government to bail out cash-strapped Hyderabad metro rail project",Moneycontrol.com,2020-10-29,"The Telangana government, however, has its own fiscal challenges due to the loss of tax revenue on account of Covid-19, a high debt burden and the rec...",12.25 pm
"Larsen Consolidated September 2020 Net Sales at Rs 31,034.74 crore, down 12.15% Y-o-Y",Moneycontrol.com,2020-10-29,NULL...,10.22 am
"Larsen Standalone September 2020 Net Sales at Rs 15,791.68 crore, down 15.79% Y-o-Y",Moneycontrol.com,2020-10-29,NULL...,9.25 am
"Bullet train: L&T wins Rs 25,000-crore order for Gujarat stretch",PTI,2020-10-28,"On September 24, the National High Speed Rail Corporation had opened the bids for the nearly Rs 1.08 lakh crore Ahmedabad-Mumbai bullet train project ...",9.56 pm
L&T Q2 preview: Adjusted profit expected to fall 40-50% YoY,Moneycontrol.com,2020-10-28,"The brokerage sees reported profit growth at 373 percent YoY because it assumed electrical and automation unit sale proceeds of Rs 9,400 crore (post t...",8.56 am
"Bullet train: L&T coming on board a good sign, says expert",Moneycontrol.com,2020-10-20,The National High Speed Rail Corporation on October 19 announced that L&T was the lowest bidder for the design and construction of civil works for 47 ...,9.30 pm
Bullet train project: L&T lowest bidder for largest segment of Mumbai-Ahmedabad corridor,Moneycontrol.com,2020-10-19,L&T pipped consortiums led by Tata Projects and Afcons Infrastructure to bag the order....,7.35 pm
COVID-19 fallout: Struggling Hyderabad Metro sends SOS to Telangana government,Moneycontrol.com,2020-10-08,"The Telangana government, itself facing a severe financial crunch, may not be able to oblige. Will L&T, the promotors of the project, try to invoke th...",1.19 pm
Railway receives 120 applications in response to private train RFQ; 14 of 15 companies Indian,PTI,2020-10-07,"In all 120 applications have been received for the 12 clusters, from 15 applicant firms,"" the ministry said in a statement....",9.41 pm
L&T bags multiple orders across business verticals in domestic market,PTI,2020-10-05,"The company did not provide the value of the contracts but said the orders fall under the ""significant"" category, which ranges between Rs 1,000 crore ...",1.31 pm
Tata Group wins new Parliament building construction contract with lowest bid of Rs 861.90 crore,Moneycontrol.com,2020-09-16,"On September 16, the Central Public Works Department (CPWD) had opened financial bids for the new Parliament building construction, which is a part of...",6.57 pm
Larsen & Toubro Limited,Moneycontrol.com,2020-09-07,"Larsen & Toubro Limited has informed the Exchange regarding a press release dated September 07, 2020, titled ""L&T Construction awarded (*Large) Contra...",10.21 am
Buy Larsen and Toubro; target of Rs 1100: Motilal Oswal,Moneycontrol.com,2020-09-02,Motilal Oswal is bullish on Larsen and Toubro recommended buy rating on the stock with a target price of Rs 1100 in its research report dated Septembe...,10.58 am
Buy Larsen and Toubro; target of Rs 1250: Sharekhan,Moneycontrol.com,2020-08-31,Sharekhan is bullish on Larsen and Toubro has recommended buy rating on the stock with a target price of Rs 1250 in its research report dated August 2...,12.47 pm
"Critical road infrastructure building to put India on par with US, UK in 2 years: Nitin Gadkari",PTI,2020-08-23,"Apart from a number of strategic tunnels and bridges being built across the length and breadth of the country, 22 green expressways at an estimated co...",3.10 pm
Larsen & Toubro wins 'significant' contracts for various businesses,PTI,2020-08-13,The project aims to improve the quality of treated sewage and save potable drinking water which is presently being used for gardening and irrigating g...,5.49 pm
Buy Larsen and Toubro; target of Rs 1240: Anand Rathi,Moneycontrol.com,2020-07-28,Anand Rathi is bullish on Larsen and Toubro has recommended buy rating on the stock with a target price of Rs 1240 in its research report dated July 2...,8.57 am
Buy Larsen and Toubro; target of Rs 1200: Dolat Capital,Moneycontrol.com,2020-07-24,Dolat Capital is bullish on Larsen and Toubro has recommended buy rating on the stock with a target price of Rs 1200 in its research report dated July...,4.43 pm
Buy Larsen and Toubro; target of Rs 1250 : Sharekhan,Moneycontrol.com,2020-07-24,"Sharekhan is bullish on Larsen and Toubro has recommended buy rating on the stock with a target price of Rs 1250 in its research report dated July 23,...",4.42 pm
Buy Larsen and Toubro; target of Rs 1203: YES Securities,Moneycontrol.com,2020-07-24,YES Securities is bullish on Larsen and Toubro has recommended buy rating on the stock with a target price of Rs 1203 in its research report dated Jul...,4.42 pm
Buy Larsen and Toubro; target of Rs 1080: Motilal Oswal,Moneycontrol.com,2020-07-24,"Motilal Oswal is bullish on Larsen and Toubro recommended buy rating on the stock with a target price of Rs 1080 in its research report dated July 23,...",4.42 pm
Buy Larsen and Toubro; target of Rs 1260: HDFC Securities,Moneycontrol.com,2020-07-24,HDFC Securities is bullish on Larsen and Toubro has recommended buy rating on the stock with a target price of Rs 1260 in its research report dated Ju...,4.42 pm
Buy Larsen and Toubro; target of Rs 1192: Prabhudas Lilladher,Moneycontrol.com,2020-07-24,Prabhudas Lilladher is bullish on Larsen and Toubro has recommended buy rating on the stock with a target price of Rs 1192 in its research report date...,4.41 pm
Hold Larsen and Toubro; target of Rs 1045: ICICI Direct,Moneycontrol.com,2020-07-24,"ICICI Direct recommended hold rating on Larsen and Toubro with a target price of Rs 1045 in its research report dated July 23, 2020....",4.41 pm
Larsen & Toubro Q1FY21 results: Key highlights of the earnings concall,Moneycontrol.com,2020-07-24,Company has created additional liquidity by borrowing money in advance. Around Rs 4000-5000 crore of borrowings are due for repayment and management h...,2.00 pm
"Larsen Standalone June 2020 Net Sales at Rs 8,149.99 crore, down 50.6% Y-o-Y",Moneycontrol.com,2020-07-23,NULL...,9.30 am
L&T says it will take few more quarters for normalcy in business operations to return,Moneycontrol.com,2020-07-22,"The company said it had lost about Rs 12,500 crores in revenue in Q1FY21 and declined to give guidance on order book, EBITDA and revenue citing uncert...",9.36 pm
Buy Larsen and Toubro Infotech; target of Rs 2421: Prabhudas Lilladher,Moneycontrol.com,2020-07-18,Prabhudas Lilladher is bullish on Larsen and Toubro Infotech has recommended buy rating on the stock with a target price of Rs 2421 in its research re...,4.58 pm
Larsen & Toubro builds cryostat for $20 billion global fusion project,PTI,2020-06-30,"The final assembly or top lid sectors of the cryostat, a key part of the world's largest nuclear fusion reactor being built in France, were dispat...",5.35 pm
Reduce Larsen and Toubro Infotech; target of Rs 1900: Dolat Capital,Moneycontrol.com,2020-06-26,"Dolat Capital recommended Reduce rating on Larsen and Toubro Infotech with a target price of Rs 1900 in its research report dated June 25, 2020....",10.58 am
Larsen & Toubro wins large contracts for its various businesses,PTI,2020-06-23,"The scope of work broadly includes 8 lane greenfield expressway of 36 Kms with perpetual pavement, service roads, interchanges, ROB (rail over bridge)...",4.54 pm
"Larsen & Toubro inks pact with KBR for refinery, petrochemical projects",PTI,2020-06-22,"""L&T Hydrocarbon Engineering (LTHE), a wholly-owned subsidiary of Larsen & Toubro (L&T), has signed a memorandum of understanding with KBR to build Mo...",1.22 pm
L&T says sufficient liquidity at present; no asset affected by COVID-19,PTI,2020-06-09,"On ability to service debt and other financing arrangements, L&T said it has a relatively low debt equity ratio of 0.49:1 as on March 31, 2020....",6.00 pm
Buy Larsen and Toubro; target of Rs 1120: Motilal Oswal,Moneycontrol.com,2020-06-09,Motilal Oswal is bullish on Larsen and Toubro has recommended buy rating on the stock with a target price of Rs 1120 in its research report dated June...,1.31 pm
Buy Larsen and Toubro target of Rs 1250: Sharekhan,Moneycontrol.com,2020-06-09,"Sharekhan is bullish on Larsen and Toubro has recommended buy rating on the stock with a target price of Rs 1250 in its research report dated June 05,...",12.00 pm
Buy Larsen and Toubro; target of Rs 1203: YES Securities,Moneycontrol.com,2020-06-09,YES Securities is bullish on Larsen and Toubro has recommended buy rating on the stock with a target price of Rs 1203 in its research report dated Jun...,9.45 am
Buy Larsen and Toubro; target of Rs 1236: HDFC Securities,Moneycontrol.com,2020-06-09,HDFC Securities is bullish on Larsen and Toubro has recommended buy rating on the stock with a target price of Rs 1236 in its research report dated Ju...,9.10 am
Buy Larsen and Toubro; target of Rs 1103: Emkay Global Financial,Moneycontrol.com,2020-06-09,Emkay Global Financial is bullish on Larsen and Toubro has recommended buy rating on the stock with a target price of Rs 1103 in its research report d...,8.30 am
Hold Larsen and Toubro; target of Rs 1090: ICICI Direct,Moneycontrol.com,2020-06-09,"ICICI Direct recommended hold rating on Larsen and Toubro with a target price of Rs 1090 in its research report dated June 07, 2020....",8.20 am
Buy Larsen and Toubro; target of Rs 1192: Prabhudas Lilladher,Moneycontrol.com,2020-06-09,Prabhudas Lilladher is bullish on Larsen and Toubro has recommended buy rating on the stock with a target price of Rs 1192 in its research report date...,8.09 am
Buy Larsen and Toubro; target of Rs 1200: Dolat Capital,Moneycontrol.com,2020-06-08,Dolat Capital is bullish on Larsen and Toubro has recommended buy rating on the stock with a target price of Rs 1200 in its research report dated June...,12.15 pm
"Larsen Consolidated March 2020 Net Sales at Rs 44,245.28 crore, up 2.18% Y-o-Y",Moneycontrol.com,2020-06-08,NULL...,10.34 am
"L&T reports decent performance in Q4; should investors buy, sell or hold?",Moneycontrol.com,2020-06-08,"Majority of brokerages are bullish on L&T given its leadership position in the infrastructure segment, strong orderbook and healthy balance sheet...",9.56 am
"L&T facing labour squeeze at project sites, banking on Gulf returned workers",Moneycontrol.com,2020-06-05,"Subrahmanyan says they need at least 100,000 workers to ensure the work goes on full throttle....",11.18 pm
"L&T Q4 profit falls 6.5% to Rs 3,197 crore, order inflow up 5% at Rs 57,785 crore",Moneycontrol.com,2020-06-05,The L&T share price has corrected 41 percent in the last one year period on fears of slowing orders and nationwide lockdown due to COVID-19 crisis....,6.41 pm
"Larsen & Toubro wins contract worth up to Rs 5,000 crore from Telangana government",PTI,2020-06-05,"""The heavy civil infrastructure business of L&T Construction has secured an order from the Irrigation and Command Area Development Department (I&CAD),...",12.35 pm
"L&T to post Q4 numbers today; COVID-19 impact, FY21 outlook key things to watch for",Moneycontrol.com,2020-06-05,Brokerages expect double-digit decline in March quarter order inflow due to lockdown....,9.05 am
L&T delivers critical nuclear power plant equipment to global customers during lockdown,PTI,2020-05-27,"The company's heavy Engineering arm delivered these equipment to global clients in Abu Dhabi, France and other places, Larsen & Toubro said in a s...",4.19 pm
L&T Shipbuilding amalgamated with Larsen & Toubro,PTI,2020-05-18,The company's board of directors had earlier approved the scheme of amalgamation of LTSB with L&T....,8.04 pm
"Larsen & Toubro raises Rs 2,500 crore via NCDs",PTI,2020-04-28,"The debentures are proposed to be listed on the NSE, it said....",9.15 pm
L&T's construction arm wins 'significant' contracts for Buildings & Factories Business,PTI,2020-04-22,"""The Buildings & Factories Business of L&T Construction has secured orders from prestigious clients in India. The business has won an order to design ...",12.35 pm
L&T's construction arm wins 'significant' contracts for its various businesses,PTI,2020-04-21,"Though the company did not mention exact value of the contract a 'significant' contract as per its specification ranges between Rs 1,000 to Rs...",1.25 pm
"Larsen & Toubro raises Rs 1,250 crore via NCDs",PTI,2020-04-20,"""The company has today issued and allotted 12,500 - 7.20 per cent rated listed unsecured redeemable non-convertible debentures of Rs 10 lakh each aggr...",8.50 pm
"L&T bags significant orders worth up to Rs 2,500cr from domestic clients",PTI,2020-04-17,"Though the company did not specify the exact amount of the orders, an order under the 'significant' category ranges between Rs 1,000 crore and...",11.00 am
"L&T board approves long-term borrowing of Rs 9,000cr",Moneycontrol.com,2020-04-10,The meeting of the L&T Board of Directors started at 11:00 am on April 9 and went on for an hour and a half....,10.22 am
L&T announces Rs 150cr donation to PM-CARES Fund to fight COVID-19,PTI,2020-03-30,L&T joins a list of other corporates including Tata Group and Reliance Industries who have come forward to offer their support to fight this unprecede...,11.32 am
"Coronavirus lockdown: L&T defers extra pay revision to employees, cites disruption",Moneycontrol.com,2020-03-30,"""Most of our employees personally wanted to get associated with this social cause and hence extra salary revision that was planned from 1st March was ...",7.22 am
L&T-run investment trust acquires 8 Sadbhav road projects,PTI,2020-03-19,"Under the agreement, Sadbhav has received consideration by way of a preferential issue of units of IndInfravit (amounting to 10 percent on post-issue ...",9.05 pm
NSE facilitates single-largest debt issuance by InvIT,PTI,2020-03-13,"Larsen & Toubro-sponsored IndInfravit Trust allocated Rs 1,675 crore on the NSE-EBP for financing its road asset acquisitions from Sadbhav Infrastruct...",1.27 pm
"L&T bags significant orders in India, overseas",PTI,2020-03-03,"In Bangladesh, the business has won a turnkey order for design, supply, installation and commissioning of power transmission infrastructure for the 80...",12.10 pm
"L&T Construction bags 'large' contracts for its power transmission, distribution biz",PTI,2020-02-10,"The company, however, did not provide the exact value of the contract, but according to its project classification, ""large"" orders are those valued be...",11.33 am
"L&T, ideaForge sign pact for unmanned systems",PTI,2020-02-07,"""L&T and ideaForge...have entered (into) an MoU (memorandum of understanding) to offer drones and allied systems for defence use,"" the company said in...",3.10 pm
SAIL commissions hot strip mill at Rourkela steel plant,PTI,2020-02-05,"In a regulatory filing, Larsen & Toubro said that its Metallurgical & Material Handling (MMH) business and Mitsubishi Corporation has commissioned the...",12.19 pm
L&T Construction bags large contract in UAE,PTI,2020-02-04,"""In a major international competitive bidding process, the metallurgical and material handling strategic business group of L&T Construction has been a...",11.38 am
L&T MBDA Missile Systems sets up missile integration facility in Tamil Nadu,PTI,2020-02-03,NULL...,1.16 pm
Exclusive | L&T revives plans to sell MF business; ropes in JP Morgan as advisor,Moneycontrol.com,2020-01-31,The move is part of L&T's drive for the past few years to monetise its non-core segments and businesses and become a leaner and meaner conglomerat...,11.01 am
L&T's construction arm bags 'large' order from Narmada Valley Development Authority,PTI,2020-01-30,"The company, however, did not provide the exact value of the contract, but according to its project classification, ""large"" orders are those valued be...",11.05 am
Buy Larsen and Toubro target of Rs 1614: Sharekhan,Moneycontrol.com,2020-01-28,Sharekhan is bullish on Larsen and Toubro has recommended buy rating on the stock with a target price of Rs 1614 in its research report dated January ...,3.52 pm
"Buy Larsen & Toubro, target Rs 1,761: AnandRathi",Moneycontrol.com,2020-01-27,"Internationally, sectors such as power T&D, water, metro rail and hydrocarbons would contribute to growth....",10.52 am
"Larsen Consolidated December 2019 Net Sales at Rs 36,242.68 crore, up 1.49% Y-o-Y",Moneycontrol.com,2020-01-24,NULL...,1.30 pm
"L&T retains guidance on order inflow, revenues despite challenging environment",Moneycontrol.com,2020-01-23,The company had given a guidance of 10-12 percent growth in order inflow and 12- 15 percent in revenue....,7.57 pm
"Larsen Consolidated December 2019 Net Sales at Rs 36,242.68 crore, up 1.49% Y-o-Y",Moneycontrol.com,2020-01-23,NULL...,10.44 am
"Larsen Standalone December 2019 Net Sales at Rs 19,885.26 crore, down 11% Y-o-Y",Moneycontrol.com,2020-01-23,NULL...,10.40 am
L&T: Balancing growth and capital efficiency,Moneycontrol.com,2020-01-23,NULL...,10.39 am
Global trade barriers creating opportunities for India: L&T,PTI,2020-01-23,"Acknowledging that the general slowdown in the economy has impacted the construction sector in India, L&T's Whole Time Director and CFO R Shankar ...",8.47 am
"L&T Q3 profit grows 15.2%, says on track to meet FY20 order inflow guidance",Moneycontrol.com,2020-01-22,Order inflow in Q3 declined 13.9 percent compared to previous quarter and fell 1.5 percent year-on-year....,5.48 pm
Buy Larsen and Toubro Infotech; target of Rs 2090: HDFC Securities,Moneycontrol.com,2020-01-22,HDFC Securities is bullish on Larsen and Toubro Infotech has recommended buy rating on the stock with a target price of Rs 2090 in its research report...,2.49 pm
L&T to announce Q3 earnings today; here's what to expect,Moneycontrol.com,2020-01-22,"Key things to watch out for would be execution trend and outlook on some big ticket orders, commentary on private capex cycle and status of the coasta...",11.33 am
"Larsen & Toubro to raise Rs 1,000 crore through NCDs",PTI,2020-01-21,"Shares of the company closed at Rs 1,302.60 per unit, up 0.53 per cent of the previous close....",9.30 pm
Accumulate Larsen and Toubro Infotech; target of Rs 2120: Dolat Capital,Moneycontrol.com,2020-01-21,"Dolat Capital recommended accumulate rating on Larsen and Toubro Infotech with a target price of Rs 2120 in its research report dated January 15, 2020...",3.26 pm
Rajnath Singh flags off 51st K-9 Vajra at L&T gun making facility,PTI,2020-01-16,Singh sat in the vehicle on which the gun was mounted and was driven around the Hazira complex. The gun weighs 50 tonnes and can fire 47kg bombs at 43...,1.40 pm
L&T construction arm bags 'large' orders from multiple clients in domestic market,PTI,2020-01-15,In a regulatory filing the company said its construction arm of L&T has secured orders from clients across various Indian states for its varied busine...,12.12 pm
