title,source,date,detail,time
TCS to work on digital transformation of GE HealthCare's IT operating model,Moneycontrol.com,2023-07-19,"Under this collaboration, TCS will take charge of the development, maintenance, rationalization, and standardization of GE HealthCare's enterprise...",5.16 pm
"TCS Consolidated June 2023 Net Sales at Rs 59,381.00 crore, up 12.55% Y-o-Y",Moneycontrol.com,2023-07-19,NULL...,11.00 am
"TCS Standalone June 2023 Net Sales at Rs 49,862.00 crore, up 12.1% Y-o-Y",Moneycontrol.com,2023-07-19,NULL...,9.11 am
"TCS Standalone June 2023 Net Sales at Rs 49,862.00 crore, up 12.1% Y-o-Y",Moneycontrol.com,2023-07-19,NULL...,9.11 am
"TCS Standalone June 2023 Net Sales at Rs 49,862.00 crore, up 12.1% Y-o-Y",Moneycontrol.com,2023-07-19,NULL...,9.11 am
Buy Tata Consultancy Services; target of Rs 3915: KR Choksey,Moneycontrol.com,2023-07-16,KR Choksey is bullish on Tata Consultancy Services has recommended buy rating on the stock with a target price of Rs 3915 in its research report dated...,11.26 am
Buy Tata Consultancy Services; target of Rs 3915: KR Choksey,Moneycontrol.com,2023-07-16,KR Choksey is bullish on Tata Consultancy Services has recommended buy rating on the stock with a target price of Rs 3915 in its research report dated...,11.26 am
Buy Tata Consultancy Services; target of Rs 3882: Religare Retail Research,Moneycontrol.com,2023-07-13,Religare Retail Research is bullish on Tata Consultancy Services has recommended buy rating on the stock with a target price of Rs 3882 in its researc...,8.21 pm
Buy TCS; target of Rs 3790: Motilal Oswal,Moneycontrol.com,2023-07-13,"Motilal Oswal is bullish on TCS recommended buy rating on the stock with a target price of Rs 3790 in its research report dated July 13, 2023....",7.51 pm
Hold Tata Consultancy Services; target of Rs 3370: Axis Securities,Moneycontrol.com,2023-07-13,Axis Securities recommended hold rating on Tata Consultancy Services with a target price of Rs 3370 in its research report dated July 13 2023....,2.31 pm
Buy Tata Consultancy Services; target of Rs 3650: Sharekhan,Moneycontrol.com,2023-07-13,Sharekhan is bullish on Tata Consultancy Services has recommended buy rating on the stock with a target price of Rs 3650 in its research report dated ...,12.01 pm
"TCS Q1 FY24 – Macro impact dents show, near-term outlook cloudy",Moneycontrol.com,2023-07-13,"Contrary to the expectations of normalisation in the second half of FY24, the company management remains non-committal on the timing of recovery...",9.27 am
"TCS Q1 Results: Net profit up 16.8% at Rs 11,074 crore, revenue at Rs 59,381 crore",Moneycontrol.com,2023-07-12,"Sequentially, the country's largest software services exporter grew by a modest 0.4 percent, which is its slowest growth in the last 12 quarters. ...",4.03 pm
TCS vs Infosys vs Wipro vs HCL Tech: Derivatives outlook on Tech stocks ahead of Q1 earnings results,Moneycontrol.com,2023-07-12,"The IT index has been volatile in the July series, with open interest additions mostly on the bullish side. A look at what experts say...",10.37 am
"TCS, Standard Life team up to enhance European policyholders' customer experience",Moneycontrol.com,2023-06-26,"The initial phase involves migrating over 4,00,000 policies from SLIDAC's German and Austrian life and pension books to the TCS platform, with the...",1.36 pm
TCS extends ties with UK's Nest through £840-million contract,Moneycontrol.com,2023-06-22,The contract value was signed for 840 million pound with an initial tenure of 10 years....,8.07 am
"Time is right for India-US trade to grow exponentially, says TCS North America head",PTI,2023-06-16,"India-US bilateral trade has been on the rise since 2000, but from 2020 to 2022, it has grown from USD 120 billion to USD 191 billion....",12.01 pm
TCS down 1% as stock trades ex-dividend,Moneycontrol.com,2023-06-15,"In the previous month, TCS said it will pay a final dividend of Rs 24 per equity share. This means, for each share of TCS stock that a shareholder own...",9.53 am
Buy TCS; target of Rs 3860: Motilal Oswal,Moneycontrol.com,2023-06-12,"Motilal Oswal is bullish on TCS recommended buy rating on the stock with a target price of Rs 3860 in its research report dated June 10, 2023....",1.21 pm
"TCS Consolidated March 2023 Net Sales at Rs 59,162.00 crore, up 16.94% Y-o-Y",Moneycontrol.com,2023-04-21,NULL...,3.52 pm
"TCS Standalone March 2023 Net Sales at Rs 49,780.00 crore, up 17.24% Y-o-Y",Moneycontrol.com,2023-04-20,"Net Sales at Rs 49,780.00 crore in March 2023 up 17.24% from Rs. 42,459.00 crore in March 2022....",12.44 pm
Buy Tata Consultancy Services; target of Rs 3720: ICICI Direct,Moneycontrol.com,2023-04-14,ICICI Direct is bullish on Tata Consultancy Services recommended buy rating on the stock with a target price of Rs 3720 in its research report dated A...,2.33 pm
Buy Tata Consultancy Services; target of Rs 3817: KR Choksey,Moneycontrol.com,2023-04-13,KR Choksey is bullish on Tata Consultancy Services has recommended buy rating on the stock with a target price of Rs 3817 in its research report dated...,10.01 pm
Buy Tata Consultancy Services; target of Rs 3860: Motilal Oswal,Moneycontrol.com,2023-04-13,Motilal Oswal is bullish on Tata Consultancy Services recommended buy rating on the stock with a target price of Rs 3860 in its research report dated ...,6.37 pm
Buy Tata Consultancy Services; target of Rs 3650: Sharekhan,Moneycontrol.com,2023-04-13,Sharekhan is bullish on Tata Consultancy Services has recommended buy rating on the stock with a target price of Rs 3650 in its research report dated ...,6.22 pm
Buy Tata Consultancy Services; target of Rs 3882: Religare Retail Research,Moneycontrol.com,2023-04-13,Religare Retail Research is bullish on Tata Consultancy Services has recommended buy rating on the stock with a target price of Rs 3882 in its researc...,6.11 pm
Buy Tata Consultancy Services; target of Rs 3780: ICICI Direct,Moneycontrol.com,2023-03-20,ICICI Direct is bullish on Tata Consultancy Services recommended buy rating on the stock with a target price of Rs 3780 in its research report dated M...,1.09 pm
Buy TCS; target of Rs 3810: Motilal Oswal,Moneycontrol.com,2023-03-17,"Motilal Oswal is bullish on TCS recommended buy rating on the stock with a target price of Rs 3810 in its research report dated March 17, 2023....",11.47 am
Buy TCS; target of Rs 3950: Motilal Oswal,Moneycontrol.com,2023-02-02,"Motilal Oswal is bullish on GAIL recommended buy rating on the stock with a target price of Rs 3950 in its research report dated January 31, 2023....",4.10 pm
"TCS Consolidated December 2022 Net Sales at Rs 58,229.00 crore, up 19.11% Y-o-Y",Moneycontrol.com,2023-01-20,NULL...,2.22 pm
"TCS Standalone December 2022 Net Sales at Rs 49,275.00 crore, up 20.64% Y-o-Y",Moneycontrol.com,2023-01-20,NULL...,12.33 pm
TCS Q4FY23: Does the growth weakness throw up an opportunity?,Moneycontrol.com,2023-04-13,"Since the structural growth drivers are intact, a stable global macro can trigger a swift demand revival...",9.03 am
TCS Q4 profit up 14.8% YoY. What should investors do with stock?,Moneycontrol.com,2023-04-13,"TCS Q4 result | The company's consolidated revenue from operations came in at Rs 59,162 crore, up 16.9 percent, from Rs 50,591 crore in the year-a...",8.28 am
US banking crisis may slow down Indian IT growth with sharp drop in tech spend,Moneycontrol.com,2023-03-21,Kotak Institutional Equities predicts that the growth of Indian IT companies may suffer in the first half of 2023 due to the recent failures of banks ...,1.06 pm
Tata Group likely in talks to engage outgoing TCS CEO Rajesh Gopinathan beyond September 15,Moneycontrol.com,2023-03-21,Tata Sons and IT behemoth Tata Consultancy Services declined to comment on the development....,11.53 am
"TCS management change: A surprise move, but not a setback",Moneycontrol.com,2023-03-17,"As deal wins gain ground, the IT major from the Tata stable is well placed to gain from this ongoing trend...",12.27 pm
IT sector can shield you from domestic headwinds. An upgrade in the pipeline?,Moneycontrol.com,2023-02-22,Selective exposure to IT stocks could be a good bet at a time the overall domestic outlook does not look encouraging...,12.26 pm
Buy Tata Consultancy Services; target of Rs 3650: Sharekhan,Moneycontrol.com,2023-01-13,Sharekhan is bullish on Tata Consultancy Services has recommended buy rating on the stock with a target price of Rs 3650 in its research report dated ...,10.54 am
Infosys Q3 Preview | IT major may retain guidance amid muted growth; high furloughs to eat into currency gains,Moneycontrol.com,2023-01-11,The company is likely to report a 2.8 percent quarter-on-quarter growth in revenue while net profit is expected to increase by 6.5 percent QoQ...,11.50 am
Buy TCS; target of Rs 3810: Motilal Oswal,Moneycontrol.com,2023-01-10,"Motilal Oswal is bullish on TCS recommended buy rating on the stock with a target price of Rs 3810 in its research report dated January 09, 2023....",3.05 pm
Hold TCS; target of Rs 3200: Emkay Global Financial,Moneycontrol.com,2023-01-10,"Emkay Global Financial recommended hold rating on TCS with a target price of Rs 3200 in its research report dated January 10, 2023....",2.42 pm
Hold TCS; target of Rs 3200: Emkay Global Financial,Moneycontrol.com,2023-01-10,"Emkay Global Financial recommended hold rating on TCS with a target price of Rs 3200 in its research report dated January 10, 2022....",2.42 pm
TCS – What should investors do after a decent Q3?,Moneycontrol.com,2023-01-10,The next financial year is likely to be softer though the medium- to long-term outlook for the company remains positive...,8.39 am
"TCS shares slump after Q3 show: Should you buy, sell or hold?",Moneycontrol.com,2023-01-10,"Shares of TCS were reeling under selling pressure as results showed that some of the clients may have turned cautious on spend, as the global economic...",8.23 am
"TCS Q3 result: Net profit rises 11% to Rs 10,883 crore, revenue up 19%",Moneycontrol.com,2023-01-09,The revenue beat estimates but the profit was below Street expectations. The company also announced a dividend of Rs 75 per share including Rs 67 as a...,5.22 pm
TCS earnings data today: Muted revenue growth likely in a seasonally-weak Q3,Moneycontrol.com,2023-01-07,Analysts expect constant currency growth of 1.9 percent on a quarterly basis...,11.52 am
"How TCS, Wipro, Infosys, and HCLTech fared in Q2FY23",Moneycontrol.com,2022-10-17,"While company executives largely conveyed that demand remains strong, they are wary of the ongoing global market uncertainty....",3.42 pm
"Funding environment for digital push remains strong, says TCS chief executive Rajesh Gopinathan",Reuters,2022-10-17,"After reporting quarterly results last week, India's IT service providers indicated that companies that were splurging top dollar during the pande...",7.20 am
Buy Tata Consultancy Services; target of Rs 3635: Geojit,Moneycontrol.com,2022-10-14,Geojit is bullish on Tata Consultancy Services has recommended buy rating on the stock with a target price of Rs 3635 in its research report dated Oct...,4.48 pm
"TCS Consolidated September 2022 Net Sales at Rs 55,309.00 crore, up 18.01% Y-o-Y",Moneycontrol.com,2022-10-13,NULL...,4.18 pm
"TCS Standalone September 2022 Net Sales at Rs 46,819.00 crore, up 19.09% Y-o-Y",Moneycontrol.com,2022-10-13,NULL...,4.11 pm
Buy Tata Consultancy Services; target of Rs 3739: KR Choksey,Moneycontrol.com,2022-10-11,KR Choksey is bullish on Tata Consultancy Services has recommended buy rating on the stock with a target price of Rs 3739 in its research report dated...,3.38 pm
Hold Tata Consultancy Services; target of Rs 3191: ICICI Securities,Moneycontrol.com,2022-10-11,"ICICI Securities recommended hold rating on Tata Consultancy Services with a target price of Rs 3191 in its research report dated October 11, 2022....",2.10 pm
Buy TCS; target of Rs 3580: Motilal Oswal,Moneycontrol.com,2022-10-11,"Motilal Oswal is bullish on TCS recommended buy rating on the stock with a target price of Rs 3580 in its research report dated October 11, 2022....",11.21 am
Buy Tata Consultancy Services; target of Rs 3650: Sharekhan,Moneycontrol.com,2022-10-11,Sharekhan is bullish on Tata Consultancy Services has recommended buy rating on the stock with a target price of Rs 3650 in its research report dated ...,11.08 am
TCS – Should you buy after the better Q2 FY23 show?,Moneycontrol.com,2022-10-11,"Near-term macro uncertainty could impact technology spending thereby affecting the fortunes of TCS, but the long-term story remains intact...",9.18 am
"TCS earnings for Q2 beat on all counts, profitability shoots past Rs 10,000 crore",Moneycontrol.com,2022-10-10,"TCS said there was strong, broad-based growth for all services in Q2, led by cloud, enterprise application services, and cyber security....",6.34 pm
"TCS Q2 result: Net profit jumps 8% YoY to Rs 10,465 crore; revenue rises 18%",Moneycontrol.com,2022-10-10,"TCS Q2 results: TCS said the revenue from operations grew by 18.01 percent YoY to Rs 55,309 crore compared to Rs 46,867 crore in the same quarter last...",5.03 pm
TCS launches Mobility Cloud Suite for automakers and suppliers,PTI,2022-09-15,"The Suite includes ready-to-deploy, automotive-specific and industry- and cloud-agnostic solutions, digital frameworks, custom solutions, accelerators...",11.15 am
"Combined value of top 75 Indian brands rebound 35% to $393 billion, TCS leads the pack",Moneycontrol.com,2022-09-14,The total value of top 75 Indian brands had dropped by six percent in 2020 versus 2019 due to slowdown in the brand value of companies in the banking ...,8.25 pm
Smaller may be better as IT sector braces for stronger macro headwinds,Moneycontrol.com,2022-08-03,Consensus earnings estimate for large-cap IT companies have been cut by 3-8 percent for the current financial year and 2-7 percent for the next financ...,12.28 pm
Smaller may be better as IT sector braces for stronger macro headwinds,Moneycontrol.com,2022-08-03,Consensus earnings estimate for large-cap IT companies have been cut by 3-8 percent for the current financial year and 2-7 percent for the next financ...,12.28 pm
"TCS signs deal with M&S; expects $1 billion retail sector business in UK, Europe to outgrow company revenues",PTI,2022-07-27,"The country’s largest software exporter on Wednesday announced a multi-year, multi-million dollar deal with Marks & Spencer, with which it has been ...",1.30 pm
Buy Tata Consultancy Services; target of Rs 3800: Sharekhan,Moneycontrol.com,2022-06-17,Sharekhan is bullish on Tata Consultancy Services has recommended buy rating on the stock with a target price of Rs 3800 in its research report dated ...,2.23 pm
Buy TCS; target of Rs 4000: Emkay Global Financial,Moneycontrol.com,2022-06-16,"Emkay Global Financial is bullish on TCS has recommended buy rating on the stock with a target price of Rs 4000 in its research report dated June 15, ...",2.04 pm
Dr Copper is giving a big warning signal to equity markets!,Moneycontrol.com,2022-05-26,"The macro as well as the technical picture suggest that a breakdown in copper prices is likely in the coming months, which implies a worsening of fina...",9.50 am
Buy Tata Consultancy Services; target of Rs 4350: Anand Rathi,Moneycontrol.com,2022-04-14,Anand Rathi is bullish on Tata Consultancy Services has recommended buy rating on the stock with a target price of Rs 4350 in its research report date...,8.43 pm
Buy Tata Consultancy Services; target of Rs 4350: Anand Rathi,Moneycontrol.com,2022-04-14,Anand Rathi is bullish on Tata Consultancy Services has recommended buy rating on the stock with a target price of Rs 4350 in its research report date...,8.43 pm
"Infosys – Q4 soft, but outlook takes on shine",Moneycontrol.com,2022-04-14,"We expect the Infosys stock to correct in the near term. However, given the strong multi-year demand outlook, gradually easing supply, and the steady ...",9.45 am
Buy Tata Consultancy Services: target of Rs 4600: Sharekhan,Moneycontrol.com,2022-04-12,Sharekhan is bullish on Tata Consultancy Services has recommended buy rating on the stock with a target price of Rs 4600 in its research report dated ...,10.11 pm
Buy Tata Consultancy Services: target of Rs 4600: Sharekhan,Moneycontrol.com,2022-04-12,Sharekhan is bullish on Tata Consultancy Services has recommended buy rating on the stock with a target price of Rs 4600 in its research report dated ...,10.11 pm
Neutral TCS; target of Rs 3720: Arihant Capital,Moneycontrol.com,2022-04-12,"Arihant Capital recommended Neutral rating on TCS with a target price of Rs 3720 in its research report dated April 12, 2022....",9.56 pm
Neutral TCS; target of Rs 3720: Arihant Capital,Moneycontrol.com,2022-04-12,"Arihant Capital recommended Neutral rating on TCS with a target price of Rs 3720 in its research report dated April 12, 2022....",9.56 pm
Accumulate Tata Consultancy Services; target of Rs 4256: KR Choksey,Moneycontrol.com,2022-04-12,"KR Choksey accumulate rating on Tata Consultancy Services with a target price of Rs 4256 in its research report dated April 12, 2022....",6.58 pm
Accumulate Tata Consultancy Services; target of Rs 4256: KR Choksey,Moneycontrol.com,2022-04-12,"KR Choksey accumulate rating on Tata Consultancy Services with a target price of Rs 4256 in its research report dated April 12, 2022....",6.58 pm
Hold Tata Consultancy Services: target of Rs 3519: ICICI Securities,Moneycontrol.com,2022-04-12,"ICICI Securities recommended hold rating on Tata Consultancy Services with a target price of Rs 3519 in its research report dated April 12, 2022....",6.02 pm
Buy Tata Consultancy Services ; target of Rs 4336: YES Securities,Moneycontrol.com,2022-04-12,YES Securities is bullish on Tata Consultancy Services has recommended buy rating on the stock with a target price of Rs 4336 in its research report d...,1.29 pm
Buy TCS; target of Rs 4240 : Motilal Oswal,Moneycontrol.com,2022-04-12,"Motilal Oswal is bullish on TCS recommended buy rating on the stock with a target price of Rs 4240 in its research report dated April 12, 2022....",1.22 pm
Buy Tata Consultancy Services; target of Rs 4221: Prabhudas Lilladher,Moneycontrol.com,2022-04-12,Prabhudas Lilladher is bullish on Tata Consultancy Services has recommended buy rating on the stock with a target price of Rs 4221 in its research rep...,1.10 pm
"TCS Consolidated March 2022 Net Sales at Rs 50,591.00 crore, up 15.76% Y-o-Y",Moneycontrol.com,2022-04-12,NULL...,9.11 am
"TCS Standalone March 2022 Net Sales at Rs 42,459.00 crore, up 17.89% Y-o-Y",Moneycontrol.com,2022-04-12,NULL...,9.11 am
TCS signs off FY22 on a high note. Better days ahead?,Moneycontrol.com,2022-04-12,Stock returns of TCS should largely mimic mid-teen earnings growth...,9.05 am
"TCS – Strong demand, moderation in supply challenges point to an interesting FY23",Moneycontrol.com,2022-04-12,Stock returns of TCS should largely mimic mid-teen earnings...,9.05 am
TCS closes FY22 with record high order book: Here are 10 key takeaways from results,Moneycontrol.com,2022-04-11,"TCS has added 10 clients in the $100 million  bucket, and 19 clients in the $50 million  category, while there was addition of 40 clients in t...",7.58 pm
"TCS adds over 1 lakh freshers in FY22, to hire 40,000 freshers in FY23",Moneycontrol.com,2022-04-11,"The company had added 40,185 people in FY21 while it on-boarded close to 78,000 freshers in FY22, up from 40,000 it had in the last year. However, att...",5.55 pm
"TCS Earnings Preview: Profit after tax in March quarter may increase 8% from last year, revenue likely to grow 15.5%",Moneycontrol.com,2022-04-11,Growth in total contract values and margins likely to remain flat sequentially. Headwinds from high inflation in the US and Europe and backfilling lik...,7.16 am
"TCS Earnings Preview: Profit after tax in March quarter may increase 8% from last year, revenue likely to grow 15.5%",Moneycontrol.com,2022-04-11,Growth in total contract values and margins likely to remain flat sequentially. Headwinds from high inflation in the US and Europe and backfilling lik...,7.16 am
"TCS Earnings Preview: Profit after tax in March quarter may increase 8% from last year, revenue likely to grow 15.5%",Moneycontrol.com,2022-04-11,Growth in total contract values and margins likely to remain flat sequentially. Headwinds from high inflation in the US and Europe and backfilling lik...,7.16 am
TCS ready to roll out 5G network anyday,PTI,2022-03-23,"TCS head for Communication, Media & Information Services Kamal Bhadada told PTI that the company is already helping telecom operators across the globe...",9.55 am
TCS bags multi-year deal from Australia's Western Power,PTI,2022-03-17,"Under the multi-year partnership, TCS has been selected as the primary systems integrator across multiple domains including asset management and netwo...",7.46 pm
"TCS buyback sees record participation, surpasses 2020's peak",Moneycontrol.com,2022-03-11,"TCS has offered to buy back up to 40 million shares of the company at a floor price of Rs 4,500 per share....",4.16 pm
"TCS buyback sees record participation led by retail investors, MFs",Moneycontrol.com,2022-03-11,"TCS has offered to buy back up to 40 million shares of the company at a floor price of Rs 4,500 per share....",4.16 pm
"TCS buyback sees record participation led by retail investors, MFs",Moneycontrol.com,2022-03-11,"TCS has offered to buy back up to 40 million shares of the company at a floor price of Rs 4,500 per share....",4.16 pm
Buy Tata Consultancy Services; target of Rs 4600: ICICI Direct,Moneycontrol.com,2022-01-18,ICICI Direct is bullish on Tata Consultancy Services recommended buy rating on the stock with a target price of Rs 4600 in its research report dated J...,4.28 pm
Buy Tata Consultancy Services target of Rs 4457: Geojit,Moneycontrol.com,2022-01-18,Geojit is bullish on Tata Consultancy Services has recommended buy rating on the stock with a target price of Rs 4457 in its research report dated Jan...,1.35 pm
"TCS Standalone December 2021 Net Sales at Rs 40,845.00 crore, up 16.84% Y-o-Y",Moneycontrol.com,2022-01-14,NULL...,11.22 pm
"TCS Consolidated December 2021 Net Sales at Rs 48,885.00 crore, up 16.35% Y-o-Y",Moneycontrol.com,2022-01-14,NULL...,11.22 pm
"Tata Sons, TICL to participate in TCS mega buyback offer, to sell shares worth Rs 12,993 crore",PTI,2022-01-14,"On Wednesday, the TCS board approved an up to Rs 18,000 crore buyback offer entailing 4 crore shares at Rs 4,500 apiece....",3.33 pm
"Tata Sons, TICL to participate in TCS mega buyback offer, to sell shares worth Rs 12,993 crore",PTI,2022-01-14,"On Wednesday, the TCS board approved an up to Rs 18,000 crore buyback offer entailing 4 crore shares at Rs 4,500 apiece....",3.33 pm
Accumulate Tata Consultancy Services; target of Rs 4256: KR Choksey,Moneycontrol.com,2022-01-14,"KR Choksey recommended accumulate rating on Tata Consultancy Services with a target price of Rs 4256 in its research report dated January 14, 2022....",2.56 pm
Buy TCS; target of Rs 4250: Motilal Oswal,Moneycontrol.com,2022-01-13,"Motilal Oswal is bullish on TCS recommended buy rating on the stock with a target price of Rs 4250 in its research report dated January 13, 2022....",9.15 pm
Buy Tata Consultancy Services; target of Rs 4150: Emkay Global Financial,Moneycontrol.com,2022-01-13,Emkay Global Financial is bullish on Tata Consultancy Services has recommended buy rating on the stock with a target price of Rs 4150 in its research ...,9.15 pm
Buy Tata Consultancy Services: target of Rs 4600: Sharekhan,Moneycontrol.com,2022-01-13,Sharekhan is bullish on Tata Consultancy Services has recommended buy rating on the stock with a target price of Rs 4600 in its research report dated ...,9.15 pm
Buy Tata Consultancy Services; target of Rs 4468: Prabhudas Lilladher,Moneycontrol.com,2022-01-13,Prabhudas Lilladher is bullish on Tata Consultancy Services has recommended buy rating on the stock with a target price of Rs 4468 in its research rep...,9.14 pm
Hold Tata Consultancy Services; target of Rs 4235: Arihant Capital,Moneycontrol.com,2022-01-13,"Arihant Capital recommended hold rating on Tata Consultancy Services with a target price of Rs 4235 in its research report dated January 13, 2022....",9.14 pm
Hold Tata Consultancy Services; target of Rs 4235: Arihant Capital,Moneycontrol.com,2022-01-13,"Arihant Capital recommended hold rating on Tata Consultancy Services with a target price of Rs 4235 in its research report dated January 13, 2022....",9.14 pm
"TCS Consolidated December 2021 Net Sales at Rs 48,885.00 crore, up 16.35% Y-o-Y",Moneycontrol.com,2022-01-13,NULL...,10.44 am
"TCS Standalone December 2021 Net Sales at Rs 40,845.00 crore, up 16.84% Y-o-Y",Moneycontrol.com,2022-01-13,NULL...,10.44 am
"TCS – Industry opportunity presents upside, downside limited, thanks to buyback",Moneycontrol.com,2022-01-13,The return of pricing power for TCS amid a strong demand environment and the easing of supply crunch make for a decently strong outlook...,9.28 am
"TCS Q3 results | Profit rises to Rs 9,769 crore, revenue grows to Rs 48,885 crore",Moneycontrol.com,2022-01-12,Healthy growth across business verticals led by strong deal wins and an increase in digital spends by corporates helped the company post a double-digi...,6.49 pm
"TCS: Q3 Results Preview – PAT may increase 14.5 percent from last year, revenue may grow 16 percent",Moneycontrol.com,2022-01-12,"Total contract values are expected to be little changed on a sequential basis. Supply-side challenges remain, but the demand outlook remains strong...",9.36 am
Buy Tata Consultancy Services: target of Rs 4400: Sharekhan,Moneycontrol.com,2021-12-17,Sharekhan is bullish on Tata Consultancy Services has recommended buy rating on the stock with a target price of Rs 4400 in its research report dated ...,1.54 pm
Buy Tata Consultancy Services: target of Rs 4400: Sharekhan,Moneycontrol.com,2021-12-17,Sharekhan is bullish on Tata Consultancy Services has recommended buy rating on the stock with a target price of Rs 4400 in its research report dated ...,1.54 pm
Buy TCS; target of Rs 4220: Motilal Oswal,Moneycontrol.com,2021-12-10,"Motilal Oswal is bullish on TCS recommended buy rating on the stock with a target price of Rs 4220 in its research report dated December 09, 2021....",1.08 pm
Q2 Results Review: How top Indian IT companies fared in the quarter gone by,Moneycontrol.com,2021-11-13,"The pandemic both disrupted business for India’s IT companies and opened up new opportunities as the need for digitisation grew globally. Deals, cli...",7.21 am
Buy Tata Consultancy Services; target of Rs 4298: Geojit,Moneycontrol.com,2021-10-13,Geojit is bullish on Tata Consultancy Services has recommended buy rating on the stock with a target price of Rs 4298 in its research report dated Oct...,4.26 pm
"TCS Consolidated September 2021 Net Sales at Rs 46,867.00 crore, up 16.77% Y-o-Y",Moneycontrol.com,2021-10-12,NULL...,8.55 am
"TCS Standalone September 2021 Net Sales at Rs 39,315.00 crore, up 17.83% Y-o-Y",Moneycontrol.com,2021-10-12,NULL...,8.55 am
Buy Tata Consultancy Services; target of Rs 4530: ICICI Direct,Moneycontrol.com,2021-10-11,ICICI Direct is bullish on Tata Consultancy Services recommended buy rating on the stock with a target price of Rs 4530 in its research report dated O...,3.51 pm
Hold Tata Consultancy Services; target of Rs 3700: Emkay Global Financial,Moneycontrol.com,2021-10-11,"Emkay Global Financial recommended hold rating on Tata Consultancy Services with a target price of Rs 3700 in its research report dated October 09, 20...",3.39 pm
Buy Tata Consultancy Services; target of Rs 4395: YES Securities,Moneycontrol.com,2021-10-11,YES Securities is bullish on Tata Consultancy Services has recommended buy rating on the stock with a target price of Rs 4395 in its research report d...,3.26 pm
Accumulate Tata Consultancy Services; target of Rs 4256: KR Choksey,Moneycontrol.com,2021-10-11,"KR Choksey accumulate rating on Tata Consultancy Services with a target price of Rs 4256 in its research report dated October 09, 2021....",3.13 pm
Neutral TCS; target of Rs 3770: Motilal Oswal,Moneycontrol.com,2021-10-11,"Motilal Oswal recommended Neutral rating on TCS with a target price of Rs 3770 in its research report dated October 09, 2021....",2.53 pm
Buy Tata Consultancy Services target of Rs 4113: Prabhudas Lilladher,Moneycontrol.com,2021-10-11,Prabhudas Lilladher is bullish on Tata Consultancy Services has recommended buy rating on the stock with a target price of Rs 4113 in its research rep...,2.45 pm
Buy Tata Consultancy Services: target of Rs 4400: Sharekhan,Moneycontrol.com,2021-10-11,Sharekhan is bullish on Tata Consultancy Services has recommended buy rating on the stock with a target price of Rs 4400 in its research report dated ...,2.34 pm
TCS to continue investments as per business requirements: CFO Samir Seksaria,PTI,2021-10-11,"The company, however, continues to be focused on the 26-28 percent operating profit margin band and has its structures aligned towards achieving the a...",11.04 am
A soft quarter for TCS — Avoid or add?,Moneycontrol.com,2021-10-11,A stock correction in TCS presents an ideal opportunity to go long...,8.22 am
TCS Q2 earnings miss street estimates; check what brokerages say,Moneycontrol.com,2021-10-10,TCS’ revenue growth in constant currency came in at 15.5 percent YoY....,8.32 am
TCS Q2 results: Key highlights from the company’s earnings concall,Moneycontrol.com,2021-10-09,Management guided that demand environment is strong and is sustainable over the medium term....,1.44 pm
TCS Q2 Earnings: Here are ten key takeaways,Moneycontrol.com,2021-10-08,“We are using the growth tailwind to invest in strengthening relevant capabilities and building out a comprehensive portfolio of offerings that cate...,8.07 pm
"TCS Q2 Result | Profit jumps 14.1% to Rs 9,624 crore but misses Street estimates",Moneycontrol.com,2021-10-08,"Its consolidated revenue during the July-September period stood at Rs 46,867 crore, up 16.8 percent over a year-ago quarter, with double-digit growth ...",6.27 pm
TCS Q2 Result Preview | Experts predict 5% growth in topline on Q1-like deals,Moneycontrol.com,2021-10-08,"TCS Q2 Result Preview | The growth in TCS' revenue is expected to be driven by conversion of earlier strong orders, recovery in Indian markets aft...",8.33 am
TCS Q2 Preview | Experts predict 5% growth in topline on Q1-like deals,Moneycontrol.com,2021-10-08,"The growth in TCS' revenue is expected to be driven by conversion of earlier strong orders, recovery in Indian markets after fall in June quarter,...",8.33 am
TCS Q2 Preview | Experts predict 5% growth in topline on Q1-like deals,Moneycontrol.com,2021-10-08,"The growth in TCS' revenue is expected to be driven by conversion of earlier strong orders, recovery in Indian markets after fall in June quarter,...",8.33 am
SBI extends contract with TCS for five years,PTI,2021-10-06,"The extended partnership builds on a two-decade long relationship between the two organisations, that began with the implementation of the TCS BaNCS c...",2.13 pm
Mcap of eight of top 10 valued companies tumble over Rs 1.80 lakh crore,Moneycontrol.com,2021-10-03,"From the top 10 list, only Reliance Industries Limited and State Bank of India emerged as gainers....",10.30 am
Indian IT companies important partners in transformation journeys of North American biz: TCS executive,PTI,2021-09-15,"TCS Chairman (North America) Surya Kant said the technology sector has been the ""vanguard"" of industries, shaping trends in business, society and huma...",8.04 am
TCS launches 'biggest recruitment drive' for women professionals; see details,Moneycontrol.com,2021-09-09,"The IT major said this is an opportunity for ""talented experienced women professionals to inspire, reinvent and challenge themselves to make a mark""...",11.10 am
Buy Tata Consultancy Services: target of Rs 4250: Sharekhan,Moneycontrol.com,2021-09-02,Sharekhan is bullish on Tata Consultancy Services has recommended buy rating on the stock with a target price of Rs 4250 in its research report dated ...,1.42 pm
Tata Consultancy Services market cap crosses Rs 14 lakh crore,PTI,2021-08-31,"With the gain in the share price, the market capitalisation (m-cap) of Tata Consultancy Services, the second most valuable firm after Reliance Industr...",8.42 pm
Tata Consultancy Services' market cap crosses Rs 13.5 lakh crore,PTI,2021-08-25,"TCS is the second most valuable domestic firm after Reliance Industries Ltd, whose m-cap stood at Rs 13,96,135.56 crore....",6.25 pm
"Hot Stocks | TCS, M&M, Cummins India can give up to 11% return in short term",Moneycontrol.com,2021-08-11,"The banking index is facing a strong hurdle in the range of 36,200-36,400, above which, the index could continue its journey towards 37,000....",7.20 am
"TCS Consolidated June 2021 Net Sales at Rs 45,411.00 crore, up 18.5% Y-o-Y",Moneycontrol.com,2021-07-14,NULL...,10.00 am
"TCS Standalone June 2021 Net Sales at Rs 37,722.00 crore, up 19.28% Y-o-Y",Moneycontrol.com,2021-07-14,NULL...,9.55 am
Hold Tata Consultancy Services; target of Rs 3500: Emkay Global Financial,Moneycontrol.com,2021-07-09,"Emkay Global Financial recommended hold rating on Tata Consultancy Services with a target price of Rs 3500 in its research report dated July 09, 2021....",2.09 pm
Accumulate Tata Consultancy Services; target of Rs 3663: Arihant Capital,Moneycontrol.com,2021-07-09,"Arihant Capital recommended Accumulate rating on Tata Consultancy Services with a target price of Rs 3663 in its research report dated July 09, 2021....",12.37 pm
Buy Tata Consultancy Services target of Rs 3776: Prabhudas Lilladher,Moneycontrol.com,2021-07-09,Prabhudas Lilladher is bullish on Tata Consultancy Services has recommended buy rating on the stock with a target price of Rs 3776 in its research rep...,12.28 pm
Neutral TCS; target of Rs 3400: Motilal Oswal,Moneycontrol.com,2021-07-09,"Motilal Oswal recommended Neutral rating on TCS with a target price of Rs 3400 in its research report dated july 09, 2021....",12.18 pm
"Buy TCS, target of Rs 3750: Sharekhan",Moneycontrol.com,2021-07-09,Sharekhan is bullish on Tata Consultancy Services has recommended buy rating on the stock with a target price of Rs 3750 in its research report dated ...,12.11 pm
TCS – A soft quarter does not take away the long-term investment case,Moneycontrol.com,2021-07-09,We see strong tailwind for this technology bellwether and this should translate into steady predictable earnings growth. TCS is a core portfolio stock...,10.21 am
"TCS Consolidated June 2021 Net Sales at Rs 45,411.00 crore, up 18.5% Y-o-Y",Moneycontrol.com,2021-07-08,NULL...,9.00 pm
TCS misses Street expectations in Q1; top 7 highlights of June quarter scorecard,Moneycontrol.com,2021-07-08,"The company said growth in the quarter was led by cloud platform services, cybersecurity, analytics and insights and enterprise application services....",7.57 pm
"TCS Q1 result: Net profit falls 2.6% to Rs 9,008 crore; growth across verticles boosts revenue by 3.9%",Moneycontrol.com,2021-07-08,"IT services attrition rate in last twelve months at 8.6 percent was the lowest in the industry, said TCS....",6.50 pm
"TCS Q1 Preview: Seasonality, strong bookings, digital traction to boost revenue, wages to hit margin",Moneycontrol.com,2021-07-08,"TCS is expected to report an increase in market share, strong growth in the international market but a small decline in domestic business and a thinne...",8.03 am
"SonyLIV partners TCS to transform customer experience, drive growth",PTI,2021-07-06,"The partnership will leverage TCS' next-generation digital capabilities, global expertise, domain knowledge and innovation ecosystem to define Son...",1.39 pm
"TCS stock price flirts with 52-week high, analysts hope for more upside",Moneycontrol.com,2021-06-18,"TCS has outperformed the benchmark Sensex. As of June 17 closing, the IT bellwether had gained 16 percent on BSE in 2021 and rallied 62 percent since ...",9.51 am
"Hot Stocks | Can bet on TCS, L&T Finance Holdings, Ramco Cements for short term",Moneycontrol.com,2021-06-09,Traders should expect stock-specific action in the upcoming sessions rather than any sharp upside in the benchmark index...,7.13 am
London Marathon announces TCS as title sponsor,Reuters,2021-06-08,Virgin Money chose not to extend its sponsorship deal with London Marathon Events beyond the 2021 race....,11.41 am
TCS sees pandemic-driven boost in Europe as clients adopt new technologies,Reuters,2021-05-26,Europe has been the fastest growing region for TCS from where it gets about a third of its annual revenue of $22.17 billion. In the last full year...,1.47 pm
Accumulate Tata Consultancy Services; target of Rs 3370: Dolat Capital Market,Moneycontrol.com,2021-05-25,"Dolat Capital Market recommended accumulate rating on Tata Consultancy Services with a target price of Rs 3370 in its research report dated May 19, 20...",2.25 pm
M-cap of eight most valued companies plummets over Rs 1.13 lakh crore,PTI,2021-05-16,"Among the top-10 most valued companies, only Reliance Industries Limited and State Bank of India managed to book gains on a weekly basis....",1.03 pm
Robust regulatory framework needed to deal with 'open banking' challenges: Experts,PTI,2021-05-09,Open banking refers to sharing and leveraging of customer-permissioned data by banks with third-party developers and firms to build applications and s...,5.18 pm
"TCS Consolidated March 2021 Net Sales at Rs 43,705.00 crore, up 9.41% Y-o-Y",Moneycontrol.com,2021-05-07,NULL...,8.43 am
Buy Tata Consultancy Services; target of Rs 3773: Geojit,Moneycontrol.com,2021-04-16,Geojit is bullish on Tata Consultancy Services has recommended buy rating on the stock with a target price of Rs 3773 in its research report dated Apr...,4.26 pm
Buy Tata Consultancy Services; target of Rs 3610: Anand Rathi,Moneycontrol.com,2021-04-15,Anand Rathi is bullish on Tata Consultancy Services has recommended buy rating on the stock with a target price of Rs 3610 in its research report date...,1.53 pm
Hold Tata Consultancy Services; target of Rs 3150: Emkay Global Financial,Moneycontrol.com,2021-04-14,"Emkay Global Financial recommended hold rating on Tata Consultancy Services with a target price of Rs 3150 in its research report dated April 13, 2021...",3.43 pm
Neutral TCS; target of Rs 3250: Motilal Oswal,Moneycontrol.com,2021-04-13,"Motilal Oswal recommended Neutral rating on TCS with a target price of Rs 3250 in its research report dated April 13, 2021....",2.26 pm
Buy Tata Consultancy Services; target of Rs 3800: ICICI Direct,Moneycontrol.com,2021-04-13,ICICI Direct is bullish on Tata Consultancy Services has recommended buy rating on the stock with a target price of Rs 3800 in its research report dat...,2.16 pm
Reduce Tata Consultancy Services; target of Rs 3370: Dolat Capital Market,Moneycontrol.com,2021-04-13,"Dolat Capital Market recommended Reduce rating on Tata Consultancy Services with a target price of Rs 3370 in its research report dated April 12, 2021...",1.53 pm
Buy Tata Consultancy Services: target of Rs 3750: Sharekhan,Moneycontrol.com,2021-04-13,Sharekhan is bullish on Tata Consultancy Services has recommended buy rating on the stock with a target price of Rs 3750 in its research report dated ...,10.24 am
Buy Tata Consultancy Services; target of Rs 3636: Prabhudas Lilladher,Moneycontrol.com,2021-04-13,Prabhudas Lilladher is bullish on Indian Tata Consultancy Services has recommended buy rating on the stock with a target price of Rs 3636 in its resea...,10.12 am
TCS: Why a fully discovered stock will continue to attract investor attention,Moneycontrol.com,2021-04-13,We see strong tailwind for this technology bellwether that should translate into steady predictable earnings growth. TCS is a core portfolio stock to ...,9.31 am
"TCS Consolidated March 2021 Net Sales at Rs 43,705.00 crore, up 9.41% Y-o-Y",Moneycontrol.com,2021-04-13,NULL...,9.11 am
"TCS Standalone March 2021 Net Sales at Rs 36,017.00 crore, up 8.41% Y-o-Y",Moneycontrol.com,2021-04-13,NULL...,9.11 am
"TCS Q4 profit jumps 6.3% QoQ to Rs 9,246 crore, CC revenue growth at 4.2% with highest-ever quarterly deal wins",Moneycontrol.com,2021-04-12,"TCS' order book at $9.2 billion in Q4FY21 was the highest-ever total contract value (TCV) in a quarter, taking the total yearly order book at ...",6.49 pm
TCS Q4FY21 Preview | Earnings expected to beat peers; deal wins key,Moneycontrol.com,2021-04-12,"Brokerages also expect healthy growth in margin amid operational efficiencies and strong revenue growth, while growth in profit could be around 8-10 p...",8.16 am
Eight of top-10 most valued companies together add over Rs 1.2 lakh crore in m-cap,PTI,2021-04-04,"The valuation of TCS jumped more than Rs 36,150 crore to reach Rs 11.71 lakh crore, becoming the biggest gainer among the top-10 most valued companies...",3.12 pm
"TCS introduces solutions for COVID-19 testing, vaccine management",PTI,2021-03-04,"There is an opportunity to provide a seamless process across the entire value chain to prevent issues that could slow down testing and vaccinations, T...",1.18 pm
Has Chandra been able to beat market expectations since he took over as Tata group chairman?,Moneycontrol.com,2021-02-19,The market cap of the Tata group’s listed companies has risen at a faster clip than the Nifty during Chandra’s stint. The dependence on TCS for pr...,10.33 am
"Four years of N Chandrasekaran: The marathoner builds his legacy at Tata Sons, one step at a time",Moneycontrol.com,2021-02-19,"Even as the Chairman of Tata Sons bets on new areas such as electric vehicles, digital and healthcare, legacy challenges continue to shadow the $1...",10.33 am
"TCS to recruit 1,500 tech staff in UK",PTI,2021-02-10,"The Mumbai-headquartered company has grown its business in the UK almost four-fold over the last decade entirely organically, making it one of the lar...",1.02 pm
Nine of 10 most valued firms take over Rs 3.96 lakh crore hit in market cap,PTI,2021-01-31,"In the last week, the 30-share BSE benchmark tumbled 2,592.77 points or 5.30 per ent due to profit-booking ahead of the Union Budget....",10.36 am
TCS pips Accenture to become the world's most valued IT firm,Moneycontrol.com,2021-01-25,TCS also surpassed Reliance Industries to become the most valued firm in the country for the second time. TCS’ market capitalisation stood at $1...,9.05 pm
"H-1B visa: President Joe Biden’s proposed immigration bill could bring relief for Indian techies, IT firms",Moneycontrol.com,2021-01-21,"One of the provisions of the bill was to provide US citizenship to 11 million undocumented immigrants, including 500,000 from India, in an eight-year ...",10.31 pm
"IT majors beat Street estimates in Q3, how should you play the sector?",Moneycontrol.com,2021-01-20,The numbers of these large-cap IT players came on the better side of expectations and the outlook for the sector looks positive....,12.21 pm
"HCL Tech's growth streak to continue as it looks at multi-year technology upcycle, says CFO Prateek Aggarwal",Moneycontrol.com,2021-01-15,"CFO Prateek Aggarwal said that at the back of the COVID-19 pandemic, enterprises across the board are accelerating their technology adoption and this ...",4.15 pm
"TCS Standalone December 2020 Net Sales at Rs 34,957.00 crore, up 5.8% Y-o-Y",Moneycontrol.com,2021-01-12,NULL...,10.00 am
"TCS Consolidated December 2020 Net Sales at Rs 42,015.00 crore, up 5.42% Y-o-Y",Moneycontrol.com,2021-01-12,NULL...,10.00 am
Buy Tata Consultancy Services; target of Rs 3600: ICICI Direct,Moneycontrol.com,2021-01-11,ICICI Direct is bullish on Tata Consultancy Services recommended buy rating on the stock with a target price of Rs 3600 in its research report dated J...,5.52 pm
Hold Tata Consultancy Services; target of Rs 3150: Emkay Global Financial,Moneycontrol.com,2021-01-11,"Emkay Global Financial recommended hold rating on Tata Consultancy Services with a target price of Rs 3150 in its research report dated January 09, 20...",5.48 pm
Buy Tata Consultancy Services; target of Rs 3586: Prabhudas Lilladher,Moneycontrol.com,2021-01-11,Prabhudas Lilladher is bullish on Tata Consultancy Services has recommended buy rating on the stock with a target price of Rs 3586 in its research rep...,5.43 pm
Reduce Tata Consultancy Services; target of Rs 3300 : Dolat Capital Market,Moneycontrol.com,2021-01-11,"Dolat Capital Market recommended Reduce rating on Tata Consultancy Services with a target price of Rs 3300 in its research report dated January 08, 20...",5.27 pm
Hold Tata Consultancy Services; target of Rs 3337: Arihant Capital,Moneycontrol.com,2021-01-11,"Arihant Capital recommended hold rating on Tata Consultancy Services with a target price of Rs 3337 in its research report dated January 11, 2021....",5.16 pm
Neutral Tata Consultancy Services; target of Rs 3175: Motilal Oswal,Moneycontrol.com,2021-01-11,"Motilal Oswal recommended Neutral rating on Tata Consultancy Services with a target price of Rs 3175 in its research report dated January 09, 2021....",2.07 pm
Buy Tata Consultancy Services: target of Rs 3590: Sharekhan,Moneycontrol.com,2021-01-11,Sharekhan is bullish on Tata Consultancy Services has recommended buy rating on the stock with a target price of Rs 3590 in its research report dated ...,1.13 pm
TCS – Can a stellar show in a seasonally weak quarter justify the optically expensive valuation?,Moneycontrol.com,2021-01-11,TCS remains our favourite core portfolio stock and investors should look at TCS more as a stock to “buy on any decline”...,9.06 am
"Interview | TCS to recruit 40,000 from campuses in FY22, says CFO V Ramakrishnan",Moneycontrol.com,2021-01-11,"In an interaction with Moneycontrol, TCS CFO V Ramakrishnan talks about what drove growth for the seasonally weak December quarter, demand environment...",7.22 am
"TCS Consolidated December 2020 Net Sales at Rs 42,015.00 crore, up 5.42% Y-o-Y",Moneycontrol.com,2021-01-09,NULL...,9.04 am
"TCS Standalone December 2020 Net Sales at Rs 34,957.00 crore, up 5.8% Y-o-Y",Moneycontrol.com,2021-01-09,NULL...,8.53 am
"TCS Q3 profit rises 7.2% to Rs 8,701 crore, constant currency revenue at 4.1% beats estimates",Moneycontrol.com,2021-01-08,Constant currency revenue growth at 4.1 percent was ahead of analysts' expectations....,6.13 pm
"TCS Q3 preview: Large deal wins to boost revenue, but wage revision could impact margin",Moneycontrol.com,2021-01-08,"The stock rose 32.4 percent in 2020 and 15 percent during the quarter ended December 2020. However, it underperformed the Nifty IT index that gained 5...",7.28 am
IT Q3 Preview: 3 stocks to bet on as robust QoQ topline growth likely with upward revision in full year growth forecasts,Moneycontrol.com,2021-01-05,"The deal pipeline is strong across companies led by digital foundation deals, integrated deals from smaller clients, experience transformation and eve...",9.15 am
Where does digital as a revenue metric stand for IT firms?,Moneycontrol.com,2021-01-04,"The term 'Digital' no longer serves its purpose, because it, as a share of revenue, lacks transparency and has made it tough to quantify reven...",8.02 pm
FC Kohli no more: Father of Indian IT industry had ‘a tough-love’ management style that pushed barriers,Moneycontrol.com,2020-11-26,"FC Kohli, the first CEO of TCS, is widely hailed as the father of Indian IT industry. He was known as a sharp business mind with a variety of interest...",10.28 pm
TCS to build investment insights solution for capital markets industry,PTI,2020-11-17,The solutionuses artificial intelligence techniques and TCS intellectual property such as Automated Data Discovery and Machine Learning-based Data Qua...,2.11 pm
TCS to acquire Postbank Systems AG from Deutsche Bank AG,Moneycontrol.com,2020-11-09,"PBS has close to 1,500 employees and post the acquisition, they will become a part of TCS. The acquisition is expected to finalise by year end....",8.23 pm
Mistrys’ Tata Sons exit plan to bring tax windfall for the Centre: Report,Moneycontrol.com,2020-11-02,"Experts say that current laws in relation to capital reduction and fair value of assets, require the SP Group to pay charge on deemed dividend (to the...",3.20 pm
"TCS to recruit 10,000 staff in US by 2022",PTI,2020-10-14,"Over the past few years, Indian IT firms have significantly increased hiring in the US and other international markets as these countries have taken s...",9.46 pm
"Infosys plans to hire 15,000 freshers next year, rolls out salary hikes effective January 2021",Moneycontrol.com,2020-10-14,"In addition, promotions that started in the second quarter at the junior level will be expanded to all levels, Infosys said....",8.09 pm
Buy Tata Consultancy Services; target of Rs 3236: Geojit,Moneycontrol.com,2020-10-13,Geojit is bullish on Tata Consultancy Services has recommended buy rating on the stock with a target price of Rs 3236 in its research report dated Oct...,4.06 pm
Hold Tata Consultancy Services; target of Rs 2994: Arihant Capital,Moneycontrol.com,2020-10-09,"Arihant Capital recommended hold rating on Tata Consultancy Services with a target price of Rs 2994 in its research report dated October 08, 2020....",12.21 pm
Accumulate Tata Consultancy Services; target of Rs 2950: Dolat Capital Market,Moneycontrol.com,2020-10-08,Dolat Capital Market recommended accumulate rating on Tata Consultancy Services with a target price of Rs 2950 in its research report dated October 07...,1.59 pm
Hold TCS; target of Rs 2780: Emkay Global Financial,Moneycontrol.com,2020-10-08,"Emkay Global Financial recommended hold rating on TCS with a target price of Rs 2780 in its research report dated October 08, 2020....",1.25 pm
Buy Tata Consultancy Services; target of Rs 3200: Prabhudas Lilladher,Moneycontrol.com,2020-10-08,Prabhudas Lilladher is bullish on Tata Consultancy Services has recommended buy rating on the stock with a target price of Rs 3200 in its research rep...,1.00 pm
Buy Tata Consultancy Services; target of Rs 3300: ICICI Direct,Moneycontrol.com,2020-10-08,ICICI Direct is bullish on Tata Consultancy Services recommended buy rating on the stock with a target price of Rs 3300 in its research report dated O...,12.21 pm
TCS Q2FY21 results: Key highlights from the company's earnings concall,Moneycontrol.com,2020-10-08,"TCS, retail cluster outperformed during the quarter despite continuous weakness in discretionary retail CPG and travel and hospitality sub vertical....",12.16 pm
Buy Tata Consultancy Services; target of Rs 3150: Sharekhan,Moneycontrol.com,2020-10-08,Sharekhan is bullish on Tata Consultancy Services has recommended buy rating on the stock with a target price of Rs 3150 in its research report dated ...,11.50 am
TCS – the promising bet on post pandemic technology upcycle,Moneycontrol.com,2020-10-08,We would advise investors not to get blinded by the optically expensive valuation of TCS and focus on the emerging opportunity which could be a cataly...,8.37 am
"TCS rolls out salary increments from October, hires 16,000 in July-September",Moneycontrol.com,2020-10-07,TCS is rolling out salary increments effective October and details of which are being worked out. These increases would be applicable across the job b...,10.03 pm
"TCS Consolidated September 2020 Net Sales at Rs 40,135.00 crore, up 2.97% Y-o-Y",Moneycontrol.com,2020-10-07,NULL...,8.22 pm
TCS Q2 beat street estimates; 8 key points of quarterly scorecard,Moneycontrol.com,2020-10-07,"TCS' Consolidated revenue from operations for the quarter stood at Rs 40,135 crore, higher than the Rs 38,322 crore reported in the June quarter o...",7.42 pm
"TCS announces share buyback of 5.33 crore shares for Rs 16,000 crore",Moneycontrol.com,2020-10-07,"In 2018, TCS had undertaken a share buyback programme worth up to Rs 16,000 crore. The buyback, at Rs 2,100 per equity share, had entailed up to 7.61 ...",6.49 pm
"TCS Q2 profit grows 6.7% to Rs 7,475 crore QoQ, announces Rs 16,000-crore share buyback",Moneycontrol.com,2020-10-07,"Adjusted profit growth was strong at 20.3 percent to Rs 8,433 crore (excluding legal claim provisions) led by revenue growth and margin expansion....",6.46 pm
"TCS Q2 Preview: Deal wins may drive revenue growth, cost optimisation to boost margins",Moneycontrol.com,2020-10-07,"EBIT margin is expected to grow in the range of 150-185 basis points QoQ in Q2FY21 due to revenue growth, cost control measures and improved utilisati...",7.13 am
TCS m-cap surpasses Rs 10-lakh-crore mark; 2nd Indian firm to do so,PTI,2020-10-05,"In the morning trade, the stock jumped over 6 percent ahead of its board meeting later this week to consider a share buyback proposal....",1.23 pm
TCS Board to consider share buyback on October 7,Moneycontrol.com,2020-10-05,The board is also slated to consider its financial results for the September quarter and declaration of a second interim dividend to the equity shareh...,8.39 am
Market cap of 8 of 10 most valued firms zooms Rs 1.45 lakh crore; TCS biggest gainer,PTI,2020-10-04,"The market valuation of Tata Consultancy Services (TCS) zoomed Rs 37,692.7 crore to Rs 9,46,632.85 crore, emerging as the biggest gainer among the top...",10.39 am
Hot Stocks | A buy call on United Spirits and a sell on TCS for this week,Moneycontrol.com,2020-09-28,"The probability of Nifty sliding below 10,820–10,770 is quite high to test the next cluster of supports around 10,600–10,450....",6.47 am
TCS opens National Qualifier Test to corporates for recruiting freshers,PTI,2020-09-27,"Introduced in 2018, NQT last year saw more than 3.6 lakh students participating from over 2,600 colleges....",2.04 pm
"Tata Consultancy Services sets up 11 COVID-19 isolation centres for staff, their dependents",PTI,2020-09-20,"All the centres will have 24/7 medical cover, along with daily monitoring by trained professionals. The patients can even connect with a counsellor vi...",4.29 pm
Buy Tata Consultancy Services; target of Rs 2600: Sharekhan,Moneycontrol.com,2020-09-10,Sharekhan is bullish on Tata Consultancy Services has recommended buy rating on the stock with a target price of Rs 2600 in its research report dated ...,3.22 pm
Transnet Port Terminals South Africa partners with TCS for logistics supply chain transformation,PTI,2020-09-07,"Expected to be ready in 12 months, the Cargo Connect marketplace will reshape the industry and drive TPT’s growth,the statement added....",2.30 pm
Gladiator Stocks - Tata Consultancy Services : ICICI Direct,Moneycontrol.com,2020-09-03,"According to ICICI Direct, Buy Tata Consultancy Services in the range of Rs 2270.00–2305.00 for target price of Rs 2650.00 with a stop loss of Rs 21...",4.19 pm
"Visa issues, digital adoption to drive local hiring by IT firms in the US",Moneycontrol.com,2020-09-02,Americans already account for over 60 percent of the workforce of the top 4 Indian IT firms....,3.09 pm
"Despite record drop in earnings and GDP in Q1, India Inc sees more than a silver lining for FY21",Moneycontrol.com,2020-09-01,Most of the chief executives of companies expect recovery by the end of this FY...,11.45 am
"COVID-19 impact | TCS, Infosys to gain the most as clients step up IT spending, says report",Moneycontrol.com,2020-08-26,"According to Gartner, outsourced IT services spend will increase to 6-8 percent between 2021-24, from 4-5 percent in the last 10 years due to accelera...",10.27 pm
H-1B visa restriction may make tech firms offshore jobs to countries like India: Report,Moneycontrol.com,2020-07-22,US multinational firms are responsible for 80 percent of US R&D and employ about one-fourth of US private employees...,10.10 pm
Hold Tata Consultancy Services; target of Rs 2400: ICICI Direct,Moneycontrol.com,2020-07-20,"ICICI Direct recommended hold rating on Tata Consultancy Services with a target price of Rs 2400 in its research report dated July 10, 2020....",1.14 pm
Sell Tata Consultancy Services; target of Rs 1750: Emkay Global Financial,Moneycontrol.com,2020-07-20,Emkay Global Financial is bearish on Tata Consultancy Services has recommended sell rating on the stock with a target price of Rs 1750 in its research...,12.32 pm
Hold Tata Consultancy Services; target of Rs 2116: Prabhudas Lilladher,Moneycontrol.com,2020-07-18,"Prabhudas Lilladher recommended Hold rating on Tata Consultancy Services with a target price of Rs 2116 in its research report dated July 10, 2020....",5.15 pm
Neutral TCS; target of Rs 2339: Arihant Capital,Moneycontrol.com,2020-07-18,"Arihant Capital recommended Neutral rating on TCS with a target price of Rs 2339 in its research report dated July 10, 2020....",4.44 pm
Neutral TCS; target of Rs 2300: Motilal Oswal,Moneycontrol.com,2020-07-17,"Motilal Oswal recommended Neutral rating on TCS with a target price of Rs 2300 in its research report dated July 10, 2020....",2.37 pm
Reduce Tata Consultancy Services; target of Rs 2070: Dolat Capital,Moneycontrol.com,2020-07-17,"Dolat Capital recommended reduce rating on Tata Consultancy Services with a target price of Rs 2070 in its research report dated July 09, 2020....",12.41 pm
"TCS Consolidated June 2020 Net Sales at Rs 38,322.00 crore, up 0.39% Y-o-Y",Moneycontrol.com,2020-07-15,NULL...,10.31 am
"TCS Standalone June 2020 Net Sales at Rs 31,624.00 crore, down 3.16% Y-o-Y",Moneycontrol.com,2020-07-15,NULL...,10.31 am
"TCS Consolidated June 2020 Net Sales at Rs 38,322.00 crore, up 0.39% Y-o-Y",Moneycontrol.com,2020-07-10,NULL...,11.45 am
"TCS a must-own stock in the new normal, but rally tempers near-term excitement",Moneycontrol.com,2020-07-10,TCS will emerge as a strong long-term survivor post the current tumult...,9.05 am
"TCS Q1 profit falls 13% QoQ to Rs 7,008 crore, but deal wins remain robust",Moneycontrol.com,2020-07-09,"Earnings missed analysts' expectations on all counts. Profit was estimated at Rs 7,690 crore on a revenue of Rs 38,795 crore...",5.53 pm
"TCS Q1 Preview: Look out for trends in verticals, pricing pressure, deal pipeline",Moneycontrol.com,2020-07-09,"Brokerages expect 30-50 bps sequential decline in EBIT margin due to lower utilisation, weak operating leverage offset by rupee depreciation and lower...",7.45 am
TCS expands decade-long partnership with Tryg,PTI,2020-07-07,"TCS will provide mainframe hosting and operations, and implement a future-proof hybrid cloud architecture that leverages the TCS Enterprise Cloud plat...",4.40 pm
JP Morgan Funds buys TCS shares worth Rs 247 crore,PTI,2020-07-06,"Meanwhile, JP Morgan Funds also bought shares of Cummins India Ltd and Gujarat Pipavav Port Ltd....",9.47 pm
Q1 results: Can Indian IT firms manage to duck COVID-19 bouncer?,Moneycontrol.com,2020-07-03,"While the first quarter of FY21 is likely to see a decline, a 5 percent quarter-on-quarter as some brokerages estimate, there is a silver lining — d...",7.23 pm
TCS to announce Q1 results on July 9,PTI,2020-06-30,It added that the board will also consider declaration of interim dividend to equity shareholders....,10.18 pm
"Six of top-10 firms add Rs 92,130.59 crore in m-cap; TCS biggest gainer",PTI,2020-06-28,"TCS added Rs 25,722.6 crore to take its valuation to Rs 7,93,854.51 crore....",12.40 pm
COVID-19 impact: Indian IT firms may forgo filing fresh H-1B petitions this year,Moneycontrol.com,2020-06-25,"Indians are one of the largest beneficiaries of H-1B visa. Indians make up more than 60 percent of the 85,000 H-1B visa petitions are approved every y...",7.15 pm
Will reverse migration of techies pave way for IT sector's growth in smaller cities?,Moneycontrol.com,2020-06-17,"Analysts and human resource professionals pointed out that in the next five years, close to 25-30 percent of the IT workforce could potentially work f...",7.35 pm
"World's reliance on China for sourcing goods to reduce, presents opportunity for India: N Chandrasekaran",PTI,2020-06-11,"The coronavirus pandemic, which originated in China, has forced companies the world over to rethink their reliance on the Chinese supply chain....",8.40 pm
TCS iON partners with NSDC to accelerate skill development,PTI,2020-06-10,The partnership aims to strengthen NSDC's online content aggregation platform - eSkill India - through which it enables e-learning amongst skill s...,2.55 pm
"COVID-19 impact: As AGMs go virtual, shareholders worry about management controls",Moneycontrol.com,2020-05-30,"Infosys and TCS to have their AGM June 27 and June 11 respectively, others like Wipro and HCL are expected to follow suit...",4.29 pm
TCS CEO Rajesh Gopinathan remuneration in FY20 fell 16% to Rs 13.3 crore,PTI,2020-05-20,"In the previous year, Gopinathan had received Rs 1.15 crore in salary, Rs 1.26 crore in perquisites and Rs 60.35 lakh in allowances. However, he had d...",4.42 pm
TCS to power Israel's first fully digital bank,PTI,2020-04-22,The yet to be named digital bank is the first to receive a banking license in Israel in over 40 years and is to be launched in 2021....,4.30 pm
Coronavirus impact | IT firms unlikely to ask employees to report to office before May 3,Moneycontrol.com,2020-04-20,"Bengaluru, Hyderabad, Pune, Noida and Chennai account for majority of the 50 lakh IT employees....",2.40 pm
TCS – The long run winner post COVID-19,Moneycontrol.com,2020-04-17,Investors should use market correction to gradually accumulate the stock...,8.45 am
TCS expects peak of coronavirus impact to be felt in Q2; sees no layoffs but defers salary hikes,Moneycontrol.com,2020-04-16,Gopinathan feels the peak of pandemic impact is likely in next quarter....,9.16 pm
TCS Q4: IT bellwether posts lacklustre numbers; 8 key takeaways,Moneycontrol.com,2020-04-16,India's biggest software services provider admitted the coronavirus pandemic has played a big part in the tepid performance....,8.06 pm
"TCS Q4 profit falls 0.85% to Rs 8,049 crore, total contract value at $8.9 billion",Moneycontrol.com,2020-04-16,"The pandemic completely reversed the positive momentum that we had started seeing in some of our biggest verticals in the first half of the quarter, T...",7.20 pm
TCS to announce FY20 results on April 16,PTI,2020-04-10,"The board will also recommend a final dividend, if any, for the fiscal for the approval of the shareholders at the ensuing 25th Annual General Meeting...",7.32 pm
"Lockdown: TCS offers free, 15-day digital certification programme",PTI,2020-04-06,"The programme, offered on the TCS iON Digital Learning Hub platform, is followed by an online digital assessment and certification, according to a TCS...",12.42 pm
"H-1B visas: India tops list of registrants, says USCIS",Moneycontrol.com,2020-04-01,"After India, China is the second largest beneficiary at 13.2 percent....",10.17 pm
Hot Stocks | Here's why TCS and Coal India are short-term buys,Moneycontrol.com,2020-03-30,The volatility index India VIX fell for the third consecutive session and it ended near 71 levels; now it has to fall below 50 levels to give comfort ...,6.55 am
Coronavirus pandemic | India's huge outsourcing industry struggles with work-from-home scenario,Reuters,2020-03-25,"Many of the companies that provide business services such as call centres, information technology services and business process automation were not pr...",12.06 pm
TCS global head for IT Amit Jain dies of heart attack,PTI,2020-03-23,"Jain, 53, was based out of Mumbai. He suffered a cardiac arrest while he was at work and was rushed to a nearby hospital. He passed away on March 19....",8.42 pm
TCS again overtakes Reliance Industries to become most valued firm by market capitilisation,PTI,2020-03-18,A heavy sell-off in the equity market since past few days has pulled down RIL's market valuation sharply....,7.55 pm
Qatar's Black Cat Engineering ties up with TCS for digital transformation,PTI,2020-03-12,"""Tata Consultancy Services...has been selected by BCEC..as the strategic partner to drive the latter's digital transformation and co-innovation st...",12.45 pm
TCS declares Rs 12 a share interim dividend,PTI,2020-03-10,"The company in a regulatory filing said that ""the interim dividend shall be paid on Tuesday, March 24, 2020, to the equity shareholders of the company...",6.30 pm
"Govt approves TCS, DLF proposals to set up SEZs",PTI,2020-03-06,"The approval was given by the Board of Approval, the highest decision-making body for SEZs, in its meeting on February 26....",1.45 pm
Coronavirus impact: IT firms may see drop in new deal conversions,Moneycontrol.com,2020-03-05,"""The quarter ending March sets the tone for deal closures through the year. However, with drop in client visits and sales activity, the next few quart...",4.06 pm
"Tackling coronavirus: After techie tests positive, tech companies go on overdrive to check virus",Moneycontrol.com,2020-03-04,"Companies are fumigating their floors, putting in place work from home options to ensure safety....",3.55 pm
"Twitter asks employees to work from home; TCS, HCL Tech instruct staff to avoid non-essential travel",PTI,2020-03-03,"The Indian information technology industry, which gets a significant chunk of its revenues from exports, is also focussing on ensuring the safety of e...",10.18 pm
"Top buy and sell ideas by Ashwani Gujral, Sudarshan Sukhani, Mitesh Thakkar for short term",Moneycontrol.com,2020-03-02,"Ashwani Gujral of ashwanigujral.com recommends selling Tata Consultancy Services with a stop loss of Rs 2050, target of Rs 1900 and NIIT Tech with a s...",8.37 am
"TCS, DLF seek govt nod to set up SEZs",PTI,2020-02-24,"These proposals will be taken up by the Board of Approval, the highest decision-making body for SEZ, in its meeting on February 26 here. The inter-min...",2.45 pm
Indian banking system at the cusp of huge growth in next decade: TCS executive,PTI,2020-02-07,"There are very few industries which can boast of a 15 per cent growth on a yearly basis for ten years, TCS chief executive Rajesh Gopinathan said, con...",8.50 am
TCS bags $1.5 bn contract from Walgreens Boots Alliance,PTI,2020-02-03,The expansion of WBA and TCS strategic partnership is based on WBA's review of its IT operating model and vendor landscape....,10.31 pm
ABN AMRO strengthens partnership with TCS,PTI,2020-01-30,"This will help ABN AMRO, which is one of the largest banks in the Netherlands, to increase its innovation velocity and support its digital ambitions, ...",9.08 am
Hold Tata Consultancy Services; target of Rs 2106: Prabhudas Lilladher,Moneycontrol.com,2020-01-23,"Prabhudas Lilladher recommended hold rating on Tata Consultancy Services with a target price of Rs 2106 in its research report dated January 18, 2020....",12.46 pm
TCS wins $6 billion deals in Q3: Key highlights from conference call,Moneycontrol.com,2020-01-22,"The country's largest IT company won $6 billion worth deals during the quarter ended December 2019, taking total 9-month deals to $18 bill...",8.08 pm
Hold Tata Consultancy Services; target of Rs 2120: ICICI Direct,Moneycontrol.com,2020-01-21,"ICICI Direct recommended Hold rating on Tata Consultancy Services with a target price of Rs 2120 in its research report dated dated January 20, 2020....",3.25 pm
"TCS Consolidated December 2019 Net Sales at Rs 39,854.00 crore, up 6.74% Y-o-Y",Moneycontrol.com,2020-01-21,NULL...,11.25 am
"TCS Standalone December 2019 Net Sales at Rs 33,040.00 crore, up 6.7% Y-o-Y",Moneycontrol.com,2020-01-21,NULL...,11.25 am
TCS Q3 revenue below expectations; what should investors do with the stock?,Moneycontrol.com,2020-01-20,"While maintaining reduce call on the stock and raising target to Rs 2,020 (from Rs 1,900), Kotak Institutional Equities cut its revenue growth forecas...",11.09 am
"TCS Consolidated December 2019 Net Sales at Rs 39,854.00 crore, up 6.74% Y-o-Y",Moneycontrol.com,2020-01-20,NULL...,11.08 am
"TCS Standalone December 2019 Net Sales at Rs 33,040.00 crore, up 6.7% Y-o-Y",Moneycontrol.com,2020-01-20,NULL...,10.55 am
"TCS Q3 profit grows 0.9%, dollar revenue growth at 1.3% misses estimates",Moneycontrol.com,2020-01-17,"Revenue in rupee terms grew by 2.3 percent QoQ (up 6.7 percent YoY) to Rs 39,854 crore for the quarter ended December 2019....",4.24 pm
"TCS preview | BFSI, retail to dent Q3 show; rupee weakness to drive margin",Moneycontrol.com,2020-01-17,"For Q3FY20, Motilal Oswal expects a 2.3% YoY or 3.3% QoQ rise in the PAT for TCS to the tune of Rs 8,305 crore....",10.37 am
"Now, TCS moves Supreme Court against NCLAT Order reinstating Mistry as director",PTI,2020-01-04,"In a major development, the NCLAT had restored Mistry as executive chairman of Tata Sons and ruled that appointment of N Chandrasekaran as the head of...",5.31 pm
Tata-Mistry case | NCLAT adjourns RoC plea till January 3,Moneycontrol.com,2020-01-02,The counsel appearing for Tata Sons informed the appellate tribunal that the company has moved the Supreme Court against its order passed on December ...,11.45 am
