title,source,date,detail,time
Accumulate Titan Company; target of Rs 3242: Prabhudas Lilladher,Moneycontrol.com,2023-07-12,"Prabhudas Lilladher recommended accumulate rating on Titan Company with a target price of Rs 3242 in its research report dated June 12, 2023....",2.19 pm
Titan shines at a new high on Q1 boost,Moneycontrol.com,2023-07-07,"Titan's jewellery division grew 21 percent YoY in Q1FY24. Buyer growth was higher than average ticket size growth for this period, said the compan...",9.34 am
Buy Titan Company; target of Rs 2992: Prabhudas Lilladher,Moneycontrol.com,2023-05-05,Prabhudas Lilladher is bullish on Titan Company has recommended buy rating on the stock with a target price of Rs 2992 in its research report dated Ma...,2.49 pm
Buy Titan Company; target of Rs 2992: Prabhudas Lilladher,Moneycontrol.com,2023-05-05,Prabhudas Lilladher is bullish on Titan Company has recommended buy rating on the stock with a target price of Rs 2992 in its research report dated Ma...,2.49 pm
Reduce Titan; target of Rs 2400: HDFC Securities,Moneycontrol.com,2023-05-05,"HDFC Securities recommended reduce rating on Titan with a target price of Rs 2400 in its research report dated May 03, 2023....",2.01 pm
Buy Titan Company; target of Rs 2950: Sharekhan,Moneycontrol.com,2023-05-05,"Sharekhan is bullish on Titan Company has recommended buy rating on the stock with a target price of Rs 2950 in its research report dated May 03, 2023...",1.58 pm
Buy Titan Company; target of Rs 2950: Sharekhan,Moneycontrol.com,2023-05-05,"Sharekhan is bullish on Titan Company has recommended buy rating on the stock with a target price of Rs 2950 in its research report dated May 03, 2023...",1.58 pm
Buy Titan Company; target of Rs 3080: Motilal Oswal,Moneycontrol.com,2023-05-05,"Motilal Oswal is bullish on Titan Company recommended buy rating on the stock with a target price of Rs 3080 in its research report dated May 03, 2023...",12.09 pm
"Titan Company Consolidated March 2023 Net Sales at Rs 10,360.00 crore, up 32.89% Y-o-Y",Moneycontrol.com,2023-05-04,NULL...,3.00 pm
"Titan Company Standalone March 2023 Net Sales at Rs 9,704.00 crore, up 33.37% Y-o-Y",Moneycontrol.com,2023-05-04,NULL...,2.53 pm
Titan Q4 net profit zooms 50% to Rs 734 crore,Moneycontrol.com,2023-05-03,The analysts expected it to report year-on-year growth of 50 percent in its standalone profit after tax (PAT) at Rs 737 crore....,4.34 pm
Titan Q4 net profit zooms 50% to Rs 734 crore,Moneycontrol.com,2023-05-03,The analysts expected it to report year-on-year growth of 50 percent in its standalone profit after tax (PAT) at Rs 737 crore....,4.34 pm
Buy Titan Company; target of Rs 3030: ICICI Direct,Moneycontrol.com,2023-02-07,"ICICI Direct is bullish on Titan Company recommended buy rating on the stock with a target price of Rs 3030 in its research report dated February 03, ...",5.50 pm
Buy Titan Company; target of Rs 2940 : Emkay Global Financial,Moneycontrol.com,2023-02-06,Emkay Global Financial is bullish on Titan Company has recommended buy rating on the stock with a target price of Rs 2940 in its research report dated...,11.52 am
Buy Titan Company; target of Rs 2905: Prabhudas Lilladher,Moneycontrol.com,2023-02-05,"Prabhudas Lilladher recommended buy rating on Titan Company with a target price of Rs 2905 in its research report dated February 01, 2023....",7.06 pm
Buy Titan Company; target of Rs 2905: Prabhudas Lilladher,Moneycontrol.com,2023-02-05,"Prabhudas Lilladher recommended buy rating on Titan Company with a target price of Rs 2905 in its research report dated February 01, 2023....",7.06 pm
Buy Titan Company; target of Rs 2905: Prabhudas Lilladher,Moneycontrol.com,2023-02-05,"Prabhudas Lilladher recommended buy rating on Titan Company with a target price of Rs 2905 in its research report dated February 01, 2023....",7.06 pm
Buy Titan Company; target of Rs 3070: Motilal Oswal,Moneycontrol.com,2023-02-05,"Motilal Oswal is bullish on Titan Company recommended buy rating on the stock with a target price of Rs 3070 in its research report dated February 02,...",2.55 pm
"Titan Company Consolidated December 2022 Net Sales at Rs 11,609.00 crore, up 15.66% Y-o-Y",Moneycontrol.com,2023-02-02,NULL...,11.33 pm
"Titan Company Standalone December 2022 Net Sales at Rs 10,875.00 crore, up 14.29% Y-o-Y",Moneycontrol.com,2023-02-02,NULL...,11.11 pm
"Titan shines as brokerages cheer Q4 numbers, jewellery biz growth",Moneycontrol.com,2023-05-04,"Despite a soft March due to high gold prices, Titan's jewellery growth remains robust and the company's other businesses are scaling up quickl...",10.32 am
Titan to clock 50% spike in Q4 net profit aided by shift in wedding season,Moneycontrol.com,2023-05-02,"A poll of brokerages has pegged Titan's EBITDA margin at 11.6 percent, improving from 10.7 percent in the year-ago period...",10.44 pm
Titan remains preferred discretionary ‘buy’ after a glittering Q4 update,Moneycontrol.com,2023-04-10,"Titan's jewellery business grew 23 percent on-year, with 31 new stores being added during the quarter...",9.05 am
Titan Company misses Q3 estimates; what brokerages say about the stock,Moneycontrol.com,2023-02-03,"Titan Company Q3: The total revenue came in at Rs 11,698 crore, rising 15.89 percent from Rs 10,094 crore in the year ago quarter....",8.37 am
Accumulate Titan Company; target of Rs 2875: Prabhudas Lilladher,Moneycontrol.com,2023-01-09,"Prabhudas Lilladher recommended accumulate rating on Titan Company with a target price of Rs 2875 in its research report dated January 09, 2023....",12.03 pm
Titan shares on the downhill after Q3 growth fails to meet Street expectations,Moneycontrol.com,2023-01-09,"The Street had forecasted growth of 17-18 percent year-on-year, while Titan reported 12 percent growth...",11.07 am
"Hot Stocks | Here's why you should bet on Titan Company, Federal Bank for short term?",Moneycontrol.com,2023-01-02,"The primary indicators align with the trend suggesting a continuation in the movement in a comparable period. Hence, Osha Krishan recommends to buy Fe...",6.51 am
"Hot Stocks | Here's why you should bet on Titan Company, Federal Bank for short term?",Moneycontrol.com,2023-01-02,"The primary indicators align with the trend suggesting a continuation in the movement in a comparable period. Hence, Osha Krishan recommends to buy Fe...",6.51 am
Buy Titan Company; target of Rs 2910: Motilal Oswal,Moneycontrol.com,2022-12-19,"Motilal Oswal is bullish on Titan Company recommended buy rating on the stock with a target price of Rs 2910 in its research report dated December 16,...",3.09 pm
Buy Titan Company; target of Rs 3000: Emkay Global Financial,Moneycontrol.com,2022-11-09,Emkay Global Financial is bullish on Titan Company has recommended buy rating on the stock with a target price of Rs 3000 in its research report dated...,8.21 pm
Buy Titan Company; target of Rs 3210: Motilal Oswal,Moneycontrol.com,2022-11-09,"Motilal Oswal is bullish on Titan Company recommended buy rating on the stock with a target price of Rs 3210 in its research report dated November 04,...",6.00 pm
Buy Titan Company; target of Rs 3240: ICICI Direct,Moneycontrol.com,2022-11-09,"ICICI Direct is bullish on Titan Company recommended buy rating on the stock with a target price of Rs 3240 in its research report dated November 06, ...",3.10 pm
"Titan Company Standalone September 2022 Net Sales at Rs 8,730.00 crore, up 21.76% Y-o-Y",Moneycontrol.com,2022-11-09,NULL...,11.37 am
"Titan Company Standalone September 2022 Net Sales at Rs 8,730.00 crore, up 21.76% Y-o-Y",Moneycontrol.com,2022-11-09,NULL...,11.37 am
"Titan Company Consolidated September 2022 Net Sales at Rs 9,163.00 crore, up 22.29% Y-o-Y",Moneycontrol.com,2022-11-08,NULL...,6.16 pm
Buy Titan Company; target of Rs 3140: Sharekhan,Moneycontrol.com,2022-11-08,"Sharekhan is bullish on Titan Company has recommended buy rating on the stock with a target price of Rs 3140 in its research report dated November 04,...",11.23 am
Accumulate Titan Company; target of Rs 2875: Prabhudas Lilladher,Moneycontrol.com,2022-11-07,"Prabhudas Lilladher recommended accumulate rating on Titan Company with a target price of Rs 2875 in its research report dated November 05, 2022....",8.48 pm
"Titan Q2 result | Net profit rises 33% to Rs 857 crore, beats estimates",Moneycontrol.com,2022-11-04,"The Tata group company's standalone revenue grew 21.8 percent year on year to Rs 8,730 crore...",3.52 pm
Titan Q2 preview | A sparkling quarter backed by double-digit growth across segments,Moneycontrol.com,2022-11-03,"The Tata group company is expected to report a post-tax profit of Rs 713 crore on revenue of Rs 8,604 crore, says a Moneycontrol poll...",6.27 pm
Buy Titan Company; target of Rs 3135: Motilal Oswal,Moneycontrol.com,2022-10-27,"Motilal Oswal is bullish on Titan Company recommended buy rating on the stock with a target price of Rs 3135 in its research report dated October 25, ...",11.06 am
Buy Titan Company; target of Rs 3104: Hem Securities,Moneycontrol.com,2022-10-17,Hem Securities is bullish on Titan Company has recommended buy rating on the stock with a target price of Rs 3104 in its research report dated October...,4.22 pm
Buy Titan Company; target of Rs 3140: Sharekhan,Moneycontrol.com,2022-10-10,"Sharekhan is bullish on Titan Company has recommended buy rating on the stock with a target price of Rs 3140 in its research report dated October 07, ...",5.42 pm
"Titan shares jump on strong Q2 growth, analysts maintain their bullish stance",Moneycontrol.com,2022-10-07,Titan Q2 growth: Titan said its store addition pace was strong as well. Retail network continued the pace of expansion adding 105 stores for the quart...,10.01 am
Buy Titan Company target of Rs 2800: ICICI Direct,Moneycontrol.com,2022-08-09,ICICI Direct is bullish on Titan Company has recommended buy rating on the stock with a target price of Rs 2800 in its research report dated August 06...,1.42 pm
Buy Titan Company target of Rs 2800: ICICI Direct,Moneycontrol.com,2022-08-09,ICICI Direct is bullish on Titan Company has recommended buy rating on the stock with a target price of Rs 2800 in its research report dated August 06...,1.42 pm
Buy Titan Company; target of Rs 2670: Motilal Oswal,Moneycontrol.com,2022-08-09,"Motilal Oswal is bullish on Titan Company recommended buy rating on the stock with a target price of Rs 2670 in its research report dated August 06, 2...",1.31 pm
Buy Titan Company; target of Rs 2900: Sharekhan,Moneycontrol.com,2022-08-09,"Sharekhan is bullish on Titan Company has recommended buy rating on the stock with a target price of Rs 2900 in its research report dated August 05, 2...",1.01 pm
Titan profit surges 13 times in June quarter,Moneycontrol.com,2022-08-05,"All three verticals of jewellery, watches, and eyewear reported robust year on year and sequential growth aided by pent-up demand and strong footfall....",1.46 pm
"Titan Q1 Result Preview | Standalone PAT likely to grow ~31% sequentially, revenue by 12%",Moneycontrol.com,2022-08-04,"The year-on-year growth is likely to be driven by robust growth across its three main business segments of jewellery, watches and eyewear, with expert...",4.35 pm
"Titan Q1 Result Preview | Standalone PAT likely to grow ~31% sequentially, revenue by 12%",Moneycontrol.com,2022-08-04,"The year-on-year growth is likely to be driven by robust growth across its three main business segments of jewellery, watches and eyewear, with expert...",4.35 pm
"Titan Q1 Result Preview | Standalone PAT likely to grow ~31% sequentially, revenue by 12%",Moneycontrol.com,2022-08-04,"The year-on-year growth is likely to be driven by robust growth across its three main business segments of jewellery, watches and eyewear, with expert...",4.35 pm
"Titan Q1 Result Preview | Standalone PAT likely to grow ~31% sequentially, revenue by 12%",Moneycontrol.com,2022-08-04,"The year-on-year growth is likely to be driven by robust growth across its three main business segments of jewellery, watches and eyewear, with expert...",4.35 pm
"Titan Company Q1 Result Preview | Standalone PAT likely to grow ~31% sequentially, revenue by 12%",Moneycontrol.com,2022-08-04,"The year-on-year growth is likely to be driven by robust growth across its three main business segments of jewellery, watches and eyewear, with expert...",4.35 pm
Buy Titan Company: target of Rs 2900: Sharekhan,Moneycontrol.com,2022-05-17,"Sharekhan is bullish on Titan Company has recommended buy rating on the stock with a target price of Rs 2900 in its research report dated May 13, 2022...",7.38 pm
Buy Titan Company: target of Rs 2900: Sharekhan,Moneycontrol.com,2022-05-17,"Sharekhan is bullish on Titan Company has recommended buy rating on the stock with a target price of Rs 2900 in its research report dated May 13, 2022...",7.38 pm
Buy Titan Company; target of Rs 2900: Motilal Oswal,Moneycontrol.com,2022-05-17,"Motilal Oswal is bullish on Titan Company recommended buy rating on the stock with a target price of Rs 2900 in its research report dated May 14, 2022...",7.38 am
Buy Titan Company; target of Rs 2701: Prabhudas Lilladher,Moneycontrol.com,2022-05-16,Prabhudas Lilladher is bullish on Titan Company has recommended buy rating on the stock with a target price of Rs 2701 in its research report dated Ma...,11.26 am
Buy Titan Company; target of Rs 2725: ICICI Direct,Moneycontrol.com,2022-05-05,"ICICI Direct is bullish on Titan Company has recommended buy rating on the stock with a target price of Rs 2725 in its research report dated May 04, 2...",1.59 pm
Buy Titan Company: target of Rs 2900: Motilal Oswal,Moneycontrol.com,2022-05-05,"Motilal Oswal is bullish on Titan Company has recommended buy rating on the stock with a target price of Rs 2900 in its research report dated May 03, ...",12.53 pm
Buy Titan Company; target of Rs 2775: Emkay Global Financial,Moneycontrol.com,2022-05-05,Emkay Global Financial is bullish on Titan Company has recommended buy rating on the stock with a target price of Rs 2775 in its research report dated...,12.36 pm
Buy Titan Company: target of Rs 2900: Sharekhan,Moneycontrol.com,2022-05-05,"Sharekhan is bullish on Titan Company has recommended buy rating on the stock with a target price of Rs 2900 in its research report dated May 03, 2022...",11.53 am
Buy Titan Company: target of Rs 2900: Sharekhan,Moneycontrol.com,2022-05-05,"Sharekhan is bullish on Titan Company has recommended buy rating on the stock with a target price of Rs 2900 in its research report dated May 03, 2022...",11.53 am
Buy Titan Company; target of Rs 2701: Prabhudas Lilladher,Moneycontrol.com,2022-05-04,Prabhudas Lilladher is bullish on Titan Company has recommended buy rating on the stock with a target price of Rs 2701 in its research report dated Ma...,9.35 pm
Buy Titan Company; target of Rs 2701: Prabhudas Lilladher,Moneycontrol.com,2022-05-04,Prabhudas Lilladher is bullish on Titan Company has recommended buy rating on the stock with a target price of Rs 2701 in its research report dated Ma...,9.35 pm
"Titan Company Standalone March 2022 Net Sales at Rs 7,276.00 crore, up 1.98% Y-o-Y",Moneycontrol.com,2022-05-04,NULL...,1.28 pm
"Titan Company Consolidated March 2022 Net Sales at Rs 7,796.00 crore, up 4.03% Y-o-Y",Moneycontrol.com,2022-05-04,NULL...,1.18 pm
"Titan Company Q4 Preview | Standalone profit likely to grow 17%, despite a dip in revenues",Moneycontrol.com,2022-05-03,"Customer conversion and ticket sizes grew marginally YoY, while walk-ins saw minor decline; majority of the cities in India witnessed small declines i...",6.33 am
"Titan Company Q4 Preview | Standalone profit likely to grow 17%, despite a dip in revenues",Moneycontrol.com,2022-05-03,"Customer conversion and ticket sizes grew marginally YoY, while walk-ins saw minor decline; majority of the cities in India witnessed small declines i...",6.33 am
Titan Company Q4 PAT may dip 1% YoY to Rs. 562.5 cr: ICICI Direct,Moneycontrol.com,2022-04-12,"Net Sales are expected to decrease by 0.2 percent Y-o-Y (down 25.5 percent Q-o-Q) to Rs. 7,480.7 crore, according to ICICI Direct....",9.33 am
Buy Titan Company: target of Rs 2900: Sharekhan,Moneycontrol.com,2022-04-08,"Sharekhan is bullish on Titan Company has recommended buy rating on the stock with a target price of Rs 2900 in its research report dated April 07, 20...",5.45 pm
Buy Titan Company; target of Rs 2754: Prabhudas Lilladher,Moneycontrol.com,2022-04-07,Prabhudas Lilladher is bullish on Titan Company has recommended buy rating on the stock with a target price of Rs 2754 in its research report dated Ap...,2.28 pm
Buy Titan Company; target of Rs 2754: Prabhudas Lilladher,Moneycontrol.com,2022-04-07,Prabhudas Lilladher is bullish on Titan Company has recommended buy rating on the stock with a target price of Rs 2754 in its research report dated Ap...,2.28 pm
Buy Titan Company; target of Rs 2900: Emkay Global Financial,Moneycontrol.com,2022-02-17,Emkay Global Financial is bullish on Titan Company has recommended buy rating on the stock with a target price of Rs 2900 in its research report dated...,2.50 pm
Buy Titan Company; target of Rs 2900: Sharekhan,Moneycontrol.com,2022-02-04,"Sharekhan is bullish on Titan Company has recommended buy rating on the stock with a target price of Rs 2900 in its research report dated February 03,...",4.02 pm
"Titan Company Standalone December 2021 Net Sales at Rs 9,515.00 crore, up 30.57% Y-o-Y",Moneycontrol.com,2022-02-03,NULL...,10.44 pm
"Titan Company Consolidated December 2021 Net Sales at Rs 10,037.00 crore, up 31.74% Y-o-Y",Moneycontrol.com,2022-02-03,NULL...,10.00 pm
"Titan Q3 Results | Net profit zooms 136% on-year to Rs 987 crore, beats estimate",Moneycontrol.com,2022-02-03,"The consumer discretionary company reported a 30.6 percent on-year growth in revenue from operations to Rs 9,515 crore...",1.50 pm
Titan Q3 preview | Net profit set to double on record wedding season,Moneycontrol.com,2022-02-03,"The consumer discretionary company’s revenues are likely to grow 35 percent on-year growth to Rs 9,337 crore for the reported quarter, according to ...",10.45 am
Titan Company Q3 PAT seen up 402.2% YoY to Rs. 868.7 cr: ICICI Direct,Moneycontrol.com,2022-01-19,"Net Sales are expected to increase by 29.9 percent Y-o-Y (up 32.1 percent Q-o-Q) to Rs. 9,896.6 crore, according to ICICI Direct....",12.57 pm
Buy Titan Company: target of Rs 2900: Sharekhan,Moneycontrol.com,2022-01-07,"Sharekhan is bullish on Titan Company has recommended buy rating on the stock with a target price of Rs 2900 in its research report dated January 06, ...",1.39 pm
Buy Titan Company; target of Rs 3000: Emkay Global Financial,Moneycontrol.com,2022-01-07,Emkay Global Financial is bullish on Titan Company has recommended buy rating on the stock with a target price of Rs 3000 in its research report dated...,1.39 pm
Buy Titan Company; target of Rs 2915: Prabhudas Lilladher,Moneycontrol.com,2022-01-07,Prabhudas Lilladher is bullish on Titan Company has recommended buy rating on the stock with a target price of Rs 2915 in its research report dated Ja...,1.38 pm
"Titan Company Consolidated September 2021 Net Sales at Rs 7,493.00 crore, up 64.57% Y-o-Y",Moneycontrol.com,2021-10-29,NULL...,2.22 pm
"Titan Company Standalone September 2021 Net Sales at Rs 7,170.00 crore, up 66.05% Y-o-Y",Moneycontrol.com,2021-10-29,NULL...,12.33 pm
Buy Titan Company; target of Rs 2770: Emkay Global Financial,Moneycontrol.com,2021-10-28,Emkay Global Financial is bullish on Titan Company has recommended buy rating on the stock with a target price of Rs 2770 in its research report dated...,4.26 pm
Buy Titan Company; target of Rs 2651: Prabhudas Lilladher,Moneycontrol.com,2021-10-28,Prabhudas Lilladher is bullish on Titan Company has recommended buy rating on the stock with a target price of Rs 2651 in its research report dated Oc...,3.14 pm
Buy Titan Company; target of Rs 2830: Motilal Oswal,Moneycontrol.com,2021-10-28,"Motilal Oswal is bullish on Titan Company recommended buy rating on the stock with a target price of Rs 2830 in its research report dated October 27, ...",12.23 pm
Buy Titan Company; target of Rs 2830: Motilal Oswal,Moneycontrol.com,2021-10-28,"Motilal Oswal is bullish on Titan Company recommended buy rating on the stock with a target price of Rs 2830 in its research report dated October 27, ...",12.23 pm
"Titan Company Standalone September 2021 Net Sales at Rs 7,170.00 crore, up 66.05% Y-o-Y",Moneycontrol.com,2021-10-28,NULL...,11.11 am
"Titan Company Standalone September 2021 Net Sales at Rs 7,170.00 crore, up 66.05% Y-o-Y",Moneycontrol.com,2021-10-28,NULL...,11.11 am
"Titan Company Consolidated September 2021 Net Sales at Rs 7,493.00 crore, up 64.57% Y-o-Y",Moneycontrol.com,2021-10-28,NULL...,11.11 am
"Titan Q2 result | Profit comes in at Rs 641 crore, revenue at Rs 7,243 crore",Moneycontrol.com,2021-10-27,"The revenue boost was aided by a strong YoY growth of more than 70 percent across all its business segments as COVID-related restrictions eased out, f...",4.42 pm
"Titan Q2 Results Preview | Strong all-round performance to drive 64% YoY growth in revenues, PAT to increase by 175%",Moneycontrol.com,2021-10-27,"In a quarterly update to the stock exchanges, the company said it experienced strong YoY growth of more than 70 percent across all business segments...",7.28 am
"Titan Q2 Results Preview | Strong all-round performance to drive 64% YoY growth in revenues, PAT to increase by 175%",Moneycontrol.com,2021-10-27,"In a quarterly update to the stock exchanges, the company said it experienced strong YoY growth of more than 70 percent across all business segments...",7.28 am
"Titan Q2 Results Preview | Strong all-round performance to drive 64% YoY growth in revenues, PAT to increase by 175%",Moneycontrol.com,2021-10-27,"In a quarterly update to the stock exchanges, the company said it experienced strong YoY growth of more than 70 percent across all business segments...",7.28 am
Buy Titan Company: target of Rs 2790: Sharekhan,Moneycontrol.com,2021-10-13,"Sharekhan is bullish on Titan Company has recommended buy rating on the stock with a target price of Rs 2790 in its research report dated October 12, ...",1.27 pm
Buy Titan Company target of Rs 2554: Prabhudas Lilladher,Moneycontrol.com,2021-10-08,Prabhudas Lilladher is bullish on Titan Company has recommended buy rating on the stock with a target price of Rs 2554 in its research report dated Oc...,10.20 pm
Buy Titan Company: target of Rs 2305: Sharekhan,Moneycontrol.com,2021-09-15,Sharekhan is bullish on Titan Company has recommended buy rating on the stock with a target price of Rs 2305 in its research report dated September 14...,10.05 am
Sebi penalises six individuals for violating insider trading rules in Titan case,PTI,2021-08-24,"In six separate orders, Sebi said these individuals were employees or designated persons of Titan at the time of the violation....",8.12 pm
Buy Titan Company: target of Rs 2025: Sharekhan,Moneycontrol.com,2021-08-10,"Sharekhan is bullish on Titan Company has recommended buy rating on the stock with a target price of Rs 2025 in its research report dated August 04, 2...",8.21 pm
"Titan Company Consolidated June 2021 Net Sales at Rs 3,473.00 crore, up 75.49% Y-o-Y",Moneycontrol.com,2021-08-05,NULL...,8.57 am
"Titan Company Standalone June 2021 Net Sales at Rs 3,249.00 crore, up 74.49% Y-o-Y",Moneycontrol.com,2021-08-04,NULL...,10.44 pm
"Titan Company Consolidated June 2021 Net Sales at Rs 3,473.00 crore, up 75.49% Y-o-Y",Moneycontrol.com,2021-08-04,NULL...,10.44 pm
Discretionary products on recovery path after smaller hit on sales by COVID-19 second wave,Moneycontrol.com,2021-07-08,Quarterly updates from companies indicate that sales of discretionary products fared better during the second wave of the COVID-19 pandemic than the f...,2.35 pm
Accumulate Titan Company target of Rs 1869: Prabhudas Lilladher,Moneycontrol.com,2021-07-07,"Prabhudas Lilladher recommended accumulate rating on Titan Company with a target price of Rs 1869 in its research report dated July 07, 2021....",3.40 pm
"Hot Stocks | Here's why Titan, Bharat Electronics and Piramal Enterprises are short-term buys",Moneycontrol.com,2021-06-25,Nifty has been forming an indecisive candle pattern for the last three weeks on weekly charts. This shows fatigue in market sentiment at higher levels...,7.33 am
"Titan Company Consolidated March 2021 Net Sales at Rs 7,494.00 crore, up 59.06% Y-o-Y",Moneycontrol.com,2021-04-30,NULL...,1.44 pm
"Titan Company Standalone March 2021 Net Sales at Rs 7,135.00 crore, up 61.11% Y-o-Y",Moneycontrol.com,2021-04-30,NULL...,1.36 pm
"Titan Company Q4 profit jumps 48% to Rs 529 crore, revenue grows 61% led by jewellery business",Moneycontrol.com,2021-04-29,"The standalone revenue from operations grew by 61.1 percent year-on-year to Rs 7,135 crore during the quarter ended March 2021, but it was down 2.1 pe...",6.30 pm
"Titan Company Q4 Preview: Profit may double, revenue may see upto 63% growth in jewellery business",Moneycontrol.com,2021-04-29,Key things to watch out for would be the commentary on operational stores and hours as well as demand scenario due to lockdowns....,8.32 am
Titan Company Q4 PAT seen up 68.5% YoY to Rs. 578.2 cr: ICICI Direct,Moneycontrol.com,2021-04-13,"Net Sales are expected to increase by 58.2 percent Y-o-Y (down 2.2 percent Q-o-Q) to Rs. 7,454 crore, according to ICICI Direct....",11.57 am
Buy Titan Company; target of Rs 1830: ICICI Direct,Moneycontrol.com,2021-04-12,"ICICI Direct is bullish on Titan Company has recommended buy rating on the stock with a target price of Rs 1830 in its research report dated April 08,...",3.30 pm
Titan says continued to see strong business momentum in March quarter,PTI,2021-04-07,"The company recorded strong revenue growth of 60 percent for the overall March quarter due to the low base of March 2020, with revenue growth of over ...",1.23 pm
Gladiator Stocks - Titan Company: ICICI Direct,Moneycontrol.com,2021-03-30,"According to ICICI Direct, Buy Titan Company in the range of Rs 1465.00–1490.00 for target price of Rs 1675.00 with stop loss of Rs 1378.00. Time Fr...",2.52 pm
Buy Titan Company; target of Rs 1798: Dolat Capital Market,Moneycontrol.com,2021-02-16,Dolat Capital Market is bullish on Titan Company has recommended buy rating on the stock with a target price of Rs 1798 in its research report dated F...,5.22 pm
Buy Titan Company; target of Rs 1830: ICICI Direct,Moneycontrol.com,2021-02-15,ICICI Direct is bullish on Titan Company has recommended buy rating on the stock with a target price of Rs 1830 in its research report dated February ...,7.41 pm
Buy Titan Company; target of Rs 1710: Sharekhan,Moneycontrol.com,2021-02-11,"Sharekhan is bullish on Titan Company has recommended buy rating on the stock with a target price of Rs 1710 in its research report dated February 10,...",3.29 pm
Titan: Glittering performance to continue,Moneycontrol.com,2021-02-11,Earnings visibility is strong for Titan over the next one to two years...,10.26 am
"Titan Company Consolidated December 2020 Net Sales at Rs 7,619.00 crore, up 16.72% Y-o-Y",Moneycontrol.com,2021-02-10,NULL...,11.22 pm
"Titan Company Standalone December 2020 Net Sales at Rs 7,287.00 crore, up 17.41% Y-o-Y",Moneycontrol.com,2021-02-10,NULL...,11.11 pm
Titan Q3 profit falls 11% to Rs 419 crore due to impairment provision,Moneycontrol.com,2021-02-10,Titan Company said it reported a return to year-on-year growth in sales in Q3FY21 led by an impressive festive season recovery in the Jewellery divisi...,5.00 pm
"Hot Stocks | Here's why Mphasis, Bharti Airtel and Titan Company are short-term bets",Moneycontrol.com,2021-02-04,"The base support for Nifty has shifted above 14,500–14,600 levels and any dip near the said levels can be used as a buy on dips opportunity....",7.11 am
Rakesh Jhunjhunwala pares stake in Titan; stock up 31% in Q3,Moneycontrol.com,2021-01-13,"Rakesh Radheshyam Jhunjhunwala and his wife Rekha Rakesh Jhunjhunwala held 3,75,10,395 and 96,60,575 shares of Titan, respectively, at the end of the ...",3.39 pm
Buy Titan Company: target of Rs 1710: Sharekhan,Moneycontrol.com,2021-01-11,"Sharekhan is bullish on Titan Company has recommended buy rating on the stock with a target price of Rs 1710 in its research report dated January 08, ...",1.13 pm
Tanishq withdraws one more ad after call for 'firecracker-free Diwali' upsets Twitter,Moneycontrol.com,2020-11-09,The move came after several Twitter users slammed the ad and accused it of trying to 'teach' Hindus how to celebrate Diwali....,3.20 pm
Buy Titan Company; target of Rs 1300: Emkay Global Financial,Moneycontrol.com,2020-11-05,Emkay Global Financial is bullish on Titan Company has recommended buy rating on the stock with a target price of Rs 1300 in its research report dated...,12.10 pm
Buy Titan Company; target of Rs 1410: ICICI Direct,Moneycontrol.com,2020-11-04,"ICICI Direct is bullish on Titan Company recommended buy rating on the stock with a target price of Rs 1410 in its research report dated October 29, 2...",9.35 pm
Buy Titan; target of Rs 1428: Dolat Capital Market,Moneycontrol.com,2020-11-03,Dolat Capital Market is bullish on Titan has recommended buy rating on the stock with a target price of Rs 1428 in its research report dated October 2...,1.39 pm
,Moneycontrol.com,2020-11-02,"Sharekhan is bullish on Titan Company has recommended buy rating on the stock with a target price of Rs 1350 in its research report dated October 28, ...",3.06 pm
Buy Titan Company; target of Rs 1400: Motilal Oswal,Moneycontrol.com,2020-11-02,"Motilal Oswal is bullish on Titan Company recommended buy rating on the stock with a target price of Rs 1400 in its research report dated October 28, ...",12.52 pm
Accumulate Titan Company; target of Rs 1352: Prabhudas Lilladher,Moneycontrol.com,2020-10-30,"Prabhudas Lilladher recommended accumulate rating on Titan Company with a target price of Rs 1352 in its research report dated October 28, 2020....",1.33 pm
"Titan Company Consolidated September 2020 Net Sales at Rs 4,553.00 crore, down 2.33% Y-o-Y",Moneycontrol.com,2020-10-29,NULL...,10.22 am
"Titan Company Standalone September 2020 Net Sales at Rs 4,318.00 crore, down 2.64% Y-o-Y",Moneycontrol.com,2020-10-29,NULL...,9.44 am
"Titan reports Q2 standalone profit at Rs 199 crore, meets expectations on revenue, profit front",Moneycontrol.com,2020-10-28,"The company's standalone revenue came at Rs 4,318 crore against Rs 1,862 crore QoQ and Rs 4,435 crore YoY....",2.00 pm
"Retail CFOs say worst is behind, hope to recoup COVID losses this festive season",Moneycontrol.com,2020-10-14,"Many retailers are hoping to make up for their losses in the lockdown, with sales during the festival season...",9.46 pm
Accumulate Titan Company; target of Rs 1352: Prabhudas Lilladher,Moneycontrol.com,2020-10-09,"Prabhudas Lilladher recommended accumulate rating on Titan Company with a target price of Rs 1352 in its research report dated October 08, 2020....",1.31 pm
Buy Titan Company; target of Rs 1215: Emkay Global Financial,Moneycontrol.com,2020-10-08,Emkay Global Financial is bullish on Titan Company has recommended buy rating on the stock with a target price of Rs 1215 in its research report dated...,1.34 pm
Buy Titan Company; target of Rs 1450: ICICI Direct,Moneycontrol.com,2020-10-07,"ICICI Direct is bullish on Titan Company recommended buy rating on the stock with a target price of Rs 1450 in its research report dated October 07, 2...",3.27 pm
Normalcy returning to business in Q2; jewellery division leads recovery: Titan,PTI,2020-10-07,The company had reported an unprecedented net loss of Rs 297 crore in the April-June quarter due to the COVID-19 pandemic....,1.07 pm
"Despite rise in gold prices customers looking to buy gold, says Tanishq CEO",Moneycontrol.com,2020-10-05,"With festive season inching closer, Tanishq launched the festive season collection called Ekatvam...",9.56 pm
"Brokerages place bets on Titan, see double-digit upside in the stock",Moneycontrol.com,2020-09-23,"Titan can get benefits from the strong market share in the jewellery and wrist watches segment, mainly driven by a wide range of product portfolio cat...",12.06 pm
Gold glitters but watches stop ticking for Titan,Moneycontrol.com,2020-08-20,Titan CFO Subbu Subramaniam says customers are keen to buy gold jewellery despite the high prices that are prevailing. Hopes for recovery by Q4 of FY2...,10.47 am
Reduce Titan; target of Rs 950: HDFC Securities,Moneycontrol.com,2020-08-13,"HDFC Securities recommended reduce rating on Titan with a target price of Rs 950 in its research report dated August 11, 2020....",2.56 pm
Hold Titan Company; target of Rs 1170: ICICI Direct,Moneycontrol.com,2020-08-12,"ICICI Direct recommended hold rating on Titan Company with a target price of Rs 1170 in its research report dated August 11, 2020....",5.37 pm
Buy Titan Company; target of Rs 1301: Dolat Capital,Moneycontrol.com,2020-08-12,Dolat Capital is bullish on Titan Company has recommended buy rating on the stock with a target price of Rs 1301 in its research report dated August 1...,3.33 pm
Buy Titan Company; target of Rs 1200: Sharekhan,Moneycontrol.com,2020-08-12,"Sharekhan is bullish on Titan Company has recommended buy rating on the stock with a target price of Rs 1200 in its research report dated August 10, 2...",3.14 pm
Buy Titan Company; target of Rs 1300: Motilal Oswal,Moneycontrol.com,2020-08-12,"Motilal Oswal is bullish on Titan Company recommended buy rating on the stock with a target price of Rs 1300 in its research report dated August 10, 2...",3.12 pm
"Titan Company Consolidated June 2020 Net Sales at Rs 1,979.00 crore, down 61.58% Y-o-Y",Moneycontrol.com,2020-08-11,NULL...,11.00 am
"Titan Company Standalone June 2020 Net Sales at Rs 1,862.00 crore, down 62.31% Y-o-Y",Moneycontrol.com,2020-08-11,NULL...,11.00 am
"Titan Q1 loss at Rs 270 crore, revenue falls 62% as COVID hits performance",Moneycontrol.com,2020-08-10,"Managing Director CK Venkataraman said the recovery in business, particularly in the jewellery business, was encouraging. ""We expect to get back to no...",5.08 pm
Buy Titan Company; target of Rs 1215: Motilal Oswal,Moneycontrol.com,2020-08-07,"Motilal Oswal is bullish on Titan Company recommended buy rating on the stock with a target price of Rs 1215 in its research report dated August 01, 2...",1.48 pm
Titan expects businesses to be hit 'very substantially' due to COVID-19,PTI,2020-07-15,The company said its focus during 2020-21 will be on cash flows and optimising spends to ensure liquidity....,2.55 pm
Hold Titan Company; target of Rs 936: Prabhudas Lilladher,Moneycontrol.com,2020-06-15,"Prabhudas Lilladher recommended Hold rating on Titan Company with a target price of Rs 936 in its research report dated June 09, 2020....",4.16 pm
Hold Titan Company; target of Rs 1095: ICICI Direct,Moneycontrol.com,2020-06-15,"ICICI Direct recommended hold rating on Titan Company with a target price of Rs 1095 in its research report dated June 10, 2020....",3.34 pm
Buy Titan Company; target of Rs 1293: Dolat Capital,Moneycontrol.com,2020-06-15,"Dolat Capital is bullish on Titan Company has recommended buy rating on the stock with a target price of Rs 1293 in its research report dated June 09,...",12.32 pm
Buy Titan Company: target of Rs 1130: Sharekhan,Moneycontrol.com,2020-06-14,"Sharekhan is bullish on Titan Company has recommended buy rating on the stock with a target price of Rs 1130 in its research report dated June 09, 202...",3.53 pm
"Titan Company Consolidated March 2020 Net Sales at Rs 4,711.50 crore, down 3.63% Y-o-Y",Moneycontrol.com,2020-06-09,NULL...,10.57 am
"Titan Company Standalone March 2020 Net Sales at Rs 4,428.75 crore, down 5.21% Y-o-Y",Moneycontrol.com,2020-06-09,NULL...,10.57 am
Titan Q4 profit rises 21% to Rs 357 crore on strong operating performance,Moneycontrol.com,2020-06-08,"Revenue from operations fell 5.2 percent year-on-year to Rs 4,428.75 crore during the March quarter...",9.08 pm
Tanishq to re-open first 50 stores by Sunday,PTI,2020-05-09,Tanishq said it has rolled out a gold standard safety e-book that reiterates the company's commitment to safety and well-being of customers and it...,3.15 pm
Hold Titan Company; target of Rs 844: Prabhudas Lilladher,Moneycontrol.com,2020-05-08,"Prabhudas Lilladher recommended hold rating on Titan Company with a target price of Rs 844 in its research report dated May 05, 2020....",11.26 am
Coronavirus pandemic | Titan says 'severe' impact of COVID-19 on Q4 revenue,PTI,2020-04-09,The company further said it is working out its strategy to manage this crisis with a particular focus on ensuring adequate liquidity is available till...,12.52 pm
"Titan: In tough times, this high quality stock offers refuge",Moneycontrol.com,2020-03-31,NULL...,11.34 am
Morgan Stanley France SAS sells Titan Company shares worth over Rs 125cr,PTI,2020-02-27,"Through separate transactions, Valiant Mauritius Partners Offshore Ltd and Valiant Mauritius Partners Ltd bought the shares at the same price, the blo...",9.19 pm
"Top buy and sell ideas by Ashwani Gujral, Mitesh Thakkar, Prakash Gaba for short term",Moneycontrol.com,2020-02-14,Mitesh Thakkar of miteshthakkar.com recommends buying Titan Company with a stop loss of Rs 1280 for target of Rs 1340 and Infosys with a stop loss of ...,8.49 am
Buy Titan Company target of Rs 1500: Sharekhan,Moneycontrol.com,2020-02-10,"Sharekhan is bullish on Titan Company has recommended buy rating on the stock with a target price of Rs 1500 in its research report dated February 04,...",3.50 pm
Hold Titan Company; target of Rs 1264: Prabhudas Lilladher,Moneycontrol.com,2020-02-07,"Prabhudas Lilladher recommended hold rating on Titan Company with a target price of Rs 1264 in its research report dated February 04, 2020....",2.29 pm
"Titan Company Consolidated December 2019 Net Sales at Rs 6,527.36 crore, up 11.17% Y-o-Y",Moneycontrol.com,2020-02-07,NULL...,11.45 am
Titan Q3FY20 – The quality that shines,Moneycontrol.com,2020-02-05,"We feel companies like Titan are best placed to capture a wallet share of growing, aspirational and affluent Indians and hence, an excellent bet for t...",10.54 am
"Titan Company Standalone December 2019 Net Sales at Rs 6,206.23 crore, up 9.41% Y-o-Y",Moneycontrol.com,2020-02-05,NULL...,9.32 am
"Titan Company Consolidated December 2019 Net Sales at Rs 6,527.36 crore, up 11.17% Y-o-Y",Moneycontrol.com,2020-02-05,NULL...,9.25 am
"Top buy and sell ideas by Ashwani Gujral, Sudarshan Sukhani, Mitesh Thakkar for short term",Moneycontrol.com,2020-02-05,Sudarshan Sukhani of s2analytics.com suggests buying Arvind with stop loss at Rs 42 and target of Rs 46 and HDFC Bank with stop loss at Rs 1200 and ta...,8.33 am
"Titan Q3 profit rises 13%, operating numbers beat estimates",Moneycontrol.com,2020-02-04,EBITDA surged 25.9 percent to Rs 735.6 crore and margin rose 155bps YoY to 11.85 percent for the quarter ended December 2019....,2.42 pm
Buy Titan Company target of Rs 1445: Sharekhan,Moneycontrol.com,2020-01-07,"Sharekhan is bullish on Titan Company has recommended buy rating on the stock with a target price of Rs 1445 in its research report dated January 06, ...",2.19 pm
Titan Q3 FY20 preview - Jewellery beats the slowdown chill,Moneycontrol.com,2020-01-06,We would use stock market weakness for accumulating Titan for the long term...,3.12 pm
